"MOVIE_ID","TRAILERPATH"
515195,"qD6FDkUXSZQ"
525460,"PtkBApi5sMM"
785457,"kFIbSnJ9tQM"
416144,"GOUyvEYzwkw"
655431,"x4PEK1N_YEM"
449664,"AI2MbS-e_us"
454293,"sIWPGA9RG5s"
663870,"j9Okx5teGBQ"
365045,"eQrZ26kPSpM"
242643,"KojC4WXKofw"
203833,"hl9wqD5H7sU"
65086,"Z2UZwaEUeE0"
1074656,"rRfCsEEOEc0"
434355,"_LzD6UtBgZk"
387592,"Q39fC9Qxkhc"
717192,"MG6U7gduIwA"
890601,"g-MdiE7gfmY"
377264,"rHyh--VqVEA"
501979,"yevysSJlRdQ"
38543,"2Ebfqkv2Yg8"
726429,"X2O1OW6i820"
424277,"MWVy29F7VHQ"
227679,"S-8sNPW9aBQ"
58767,"MXOHTuXPM1k"
369552,"snqnioImSnI"
499028,"s_GBy9vx2PQ"
328111,"UnlAXQze1Qg"
327331,"-NOp5ROn1HE"
369557,"jYk2Vx1z6lk"
866408,"tissw-VBrMI"
394374,"fPc0SQyD-ac"
622855,"VvUPtjz0iFk"
478820,"-TBjmSNc4Z0"
452832,"k3zMlsEK8xA"
234004,"6rVZKNJO5Cw"
430447,"0npyaiRyIMQ"
843932,"Kj49jYqFWyk"
892515,"5g40qe8ABtw"
460218,"MEsjdSf4l8A"
572468,"pdKU13L5MCI"
411873,"fdDoN693db4"
500921,"ckkL3dZEGSA"
394117,"QN0bL7iXdOA"
418588,"YKSk25Usc3w"
400090,"nfPxmnMAyZw"
398175,"7FnAhrJDTqs"
537116,"1fe4P7_SbWs"
335777,"nYif5QTYI9w"
338766,"E2LxKNrB26w"
195590,"gubU4V3ewQw"
245917,"iSQDBYhJzJQ"
517764,"XFUR9J3Blw4"
42297,"PPG24_CLlYo"
477489,"4eU52Gh3P08"
774372,"Tl_N2RSD0dk"
753453,"opnSln8Ue2U"
534490,"zeJF1lUD6ms"
505058,"4DJAWGXkvq8"
290999,"oJoRHFn7QRw"
1024621,"_X7xl1_C3c8"
474764,"ohLHereEOM8"
269795,"I6DKNWM6EVo"
617505,"kY3SuNvqQPw"
183662,"gIOPUCCrGXE"
381902,"ygTmV3K57_8"
452015,"1EkIWVjBBc0"
553839,"jTWkeiIMncI"
152584,"J_ekBcdPzIk"
73499,"pKRKoZIjiFk"
604362,"dzQXNZFwKoQ"
452558,"raF9-6wFXIg"
500919,"SCLjS-owEig"
421473,"6JNIyuZJjdQ"
463906,"q3b_luiZ8bo"
258480,"JgL9FeFgQzA"
916405,"JLsAB3xmhkM"
44264,"Q5fEgKj9QNs"
575776,"DfMvW5FKcBk"
527435,"v1n0nJrycyw"
635744,"r0N997WtPgA"
76494,"3Ef0GCdpnN4"
484247,"rAqMlh0b2HU"
403605,"uDQFd1iQyjw"
286668,"pYcobufHJAA"
420707,"hS2-t77lDz8"
333667,"_eeBeGp_T6k"
170657,"g3JzljB3zQg"
174321,"7LLWTXoHHAY"
79218,"Dk1XJF2SX4E"
968438,"XIkQFUlBXF0"
456154,"9XIpCpfA_JA"
768939,"7p-bwF1c7PQ"
226857,"TRXGch6675Q"
504997,"AGKDZNU_HNo"
435615,"XToFnT_8Axw"
137093,"F9t9wAADUDI"
378108,"Zhovt8s04nI"
178809,"ZENI7UC3WQo"
466622,"0Uq_5bYGYoY"
417047,"z33Jn0fD2O4"
431075,"lN_Xb7A2QpI"
301365,"rzH7Jc83eQI"
567965,"gqDG5MJAbB4"
321528,"L5mQ67y5Cqc"
489430,"tVTsw_Dvwc8"
201676,"c3hBtBibN_M"
487670,"KQzXpFNm050"
465003,"80WflPMzAcw"
758866,"6BPKPb_RTwI"
435366,"0RVoi7Dpg-4"
364433,"AY1Ws1_r_X0"
282813,"v0Yo9xasRKg"
63207,"9FE616lUkuU"
353326,"NP0lUqNAw3k"
81446,"yjZeXQ04Tbc"
292280,"2X2QJAa3FTw"
454992,"Crer6ec-L0g"
360387,"2Sw2vhayyvo"
477508,"fH-Hb_xzf3k"
566222,"iX8GxLP1FHo"
228973,"46uwmzTf5nA"
407451,"h54xISO-fJ0"
400710,"NBR7JxBHl-E"
238215,"xQGpDi5mM-4"
188207,"g0GMzQwO2l0"
592984,"KW_3aaoSOYg"
437033,"gnhjPLAkF4Q"
224141,"2Byk9Is3TjY"
515454,"G9_BAy1Atsc"
450932,"0p8Cl8_wQew"
632304,"GLa9mY4FUBM"
460321,"qWKsiHEpiJM"
334074,"1lnEyZEoYJU"
192145,"sznwupfI_G4"
429471,"i68xCzI406A"
505600,"m6x6YIswpvk"
402529,"nsrOCzUwcjE"
43933,"Ol6j9xlQN1w"
70074,"kAqs_W7z7nM"
847981,"fdgnNwEM8HY"
643532,"6uOlmC92kU4"
858815,"VbsTA-inEkc"
283350,"VrNwcGVGrBw"
500860,"k2a-KSOCIeY"
653567,"_L4f9Np1aOg"
503902,"amRsImdsMkE"
330483,"2o0TOC6egH0"
528091,"7sGFhb6YC4g"
608994,"mUGfkayica4"
656690,"uaaC57tcci0"
469722,"4-FNYrcCI60"
443319,"W1uNGqs0VJY"
537739,"3IM1vSNJw3Y"
340945,"rwxzeuKelvc"
993729,"9cRTa0Pk_NM"
152532,"wD2cVhC-63I"
502167,"hatJ7r9xjY8"
587792,"CpBLtXduh_k"
503616,"l52iSdIlTF8"
314365,"WgnrwwiIDlI"
732713,"JB2b6weKJcc"
411221,"ay5sm4rNfp8"
435800,"Nzb4JjCUdj0"
374853,"EQbOQJx2ZWE"
818192,"ProGvt36CBE"
203739,"Gr9cSq0K2vA"
567646,"HB2e_6D7SDI"
575094,"pwEXKn_m_7U"
500475,"mrdUCMfkHAo"
84199,"Pa5963ftpDc"
660709,"tb25ytzrxMQ"
312526,"TRMMxIRp0gI"
8967,"RrAz1YLh8nY"
595867,"xB-guPG0X2w"
420426,"u8SDFDDuR5A"
597219,"B-yhF7IScUE"
774714,"XR2tg6h39B4"
390634,"nfzKXkL_i54"
920394,"ZyhWDaS8YYE"
187596,"X58vwVifMWg"
181886,"aVvgt3jIUsc"
202575,"Z6VKG3lZEIg"
284674,"L8tKXWulnu0"
175774,"s3hr0sXT8qo"
134597,"n08aIH-Bhcc"
312791,"DVwu1qIQRgw"
683340,"sNy8tFXcr2M"
505954,"D1UDvi5xL9w"
556803,"-WBhj57fHeI"
752455,"PCLmjgk4lTU"
435707,"3xzPE6J2hIU"
429300,"FjGoding8Bo"
513691,"N0O5iwmXzXM"
517814,"HlSI7gKvAGo"
211387,"hsmexv78GMg"
172391,"rN0gwblPifo"
423453,"90EyWL5eTcA"
335788,"AjHDNh_ilnQ"
157845,"xF-l-Jy70N8"
294652,"v6LQzRBDjA0"
82390,"WGAM1qf7ICA"
968739,"gUHOSIe922E"
592863,"KSxPJGKSws0"
457335,"Rq864D8BgSw"
59117,"OP-S7ZBIIFk"
227783,"UQIAKLSeqgM"
429200,"Zf9VVaBUjB4"
748412,"MZZHohrzgwc"
198277,"uTRCxOE7Xzc"
408648,"HIUp_jiclts"
104634,"UAGTmuH7AN0"
288158,"5-a8bWi4LO0"
172329,"zuP2vwxDMkg"
571346,"xVvwYLB3Jyw"
240483,"zr_5U4y6EG8"
756187,"5vmaG3MUrYg"
537059,"CB6qyTLXUXo"
225745,"kUkcQb-K3KU"
459992,"9xfQcqLE0PI"
454615,"WOTDGACjzcY"
470229,"Lxj0mgS3fRg"
332283,"2UNABk921n8"
505914,"XLFCmJkbCKw"
289269,"-t367_VUzoQ"
144336,"ZlC7iz_OAlc"
58151,"txgGhyjPZGg"
502425,"wHgXSF8qHv4"
635891,"d_q-xIEs8AM"
788929,"Bsn06iL3B_A"
614587,"Sb65nT_vG7U"
255709,"9PsBBsX6TC0"
472674,"Rz-Hwx5LGAo"
471335,"43536_ewLYw"
38050,"fSeWHl1PaKs"
582570,"e0LJNn-GcnY"
454458,"7-VGKtQbS24"
736759,"4-joBE3I3WY"
795607,"kvwydcOAH2k"
513045,"c8xsEDGrIh8"
582306,"Jy8TRN4EZSE"
706503,"-qaYywvAyz8"
606117,"F0WNgGtRwy8"
401898,"ylOz_BxoI70"
579051,"mDma-ZidB1E"
351964,"O0Vvy5RI8WU"
655355,"sUjXjC3Q2Ag"
846867,"jas8OABbn0Y"
40264,"Gw1oGbdXzoU"
351460,"Z1mcQ6CzXo8"
351211,"JOiacJookg4"
184125,"eQ6w13Mbma0"
401513,"lElqBmOEfPQ"
82992,"-1ysq_lKovg"
625169,"cgM_oyXE0d0"
169219,"CrkvuW5Mw4s"
814340,"xg17CQrmY8E"
819500,"r7i_E6zm8lM"
513347,"CKdOr976h3Y"
358632,"bvtfTS01O9w"
260372,"g3t5DtWKpNU"
79316,"hjo7iO6Ghtg"
335462,"ec7LY8dLYSc"
157058,"HD7WEn389Nk"
80271,"4P6mXZzY9nc"
51170,"ifieYIlUuC4"
225574,"Dyf-4JGbFRM"
425001,"EohVvIWg-Oc"
366924,"wqZsIqrbnvI"
254904,"-m8V7G7e7gw"
60405,"nMVKx_d5rEU"
207686,"clEBwkjs0sQ"
50393,"S2JQJVdV8HQ"
719410,"mzfVBg54BGw"
146203,"BySJLmciR5E"
595985,"u61ymqblUU0"
1042984,"cIKplo6bOvU"
42941,"zX12jERCw1c"
620725,"W75nDiJ05us"
570480,"vfIOnOz0ERQ"
263132,"LwbHoNft3o8"
730047,"Nma7-SPO720"
314405,"E6Znr0D3SFs"
71864,"mMSkbH0LuTc"
520663,"v_0GJg_Jnlo"
57157,"7v5TYT4Ly4U"
84228,"hSY-zhNfWd0"
82657,"71vXzDCKqDw"
445629,"GcLTnB0kq5Q"
635199,"b_aR_H5boag"
307663,"QxAoLvmH7gQ"
795811,"SsOW5zzQ66k"
291549,"AynW_2b1CZY"
283587,"2xb9Ty-1frw"
77499,"a0sQmR6Lcq8"
105864,"daFnEiLEx70"
425909,"XfK6yFvbK4A"
615457,"epVRE3nWWAg"
800815,"J99jKu_Ov7g"
49018,"62rpZcMYa0A"
783675,"0GGMhcs2v8Q"
269149,"a6G8k5b01uE"
109418,"Sq5CIH0duMk"
945675,"fjknI55j44Y"
773867,"4XSW0Vwc9yw"
297270,"fPPLWNNSVDs"
338947,"e5ti3ba055U"
400160,"s4TAfaddV4w"
476669,"gWiqN7XHKNI"
1010821,"i4SFGaWLPfU"
99861,"l9z0s9MHY9Q"
449503,"sCVIclirqo0"
86837,"VMOugpyFf3A"
795230,"cFYaADDJI6g"
605116,"KZOdwr0zp1M"
112205,"-SwDU04Oeak"
754067,"EXuJsmqd-M0"
525661,"0rBnkBIhoFE"
396806,"4zaJ1f2_D94"
376867,"TO9SY5NE58k"
306819,"75nu14Ic_DU"
40807,"pVObFYOU9rE"
37950,"MzgOvvMi8Lg"
673309,"_6rn-6lKBJ8"
608195,"Tv7HyNSCCBo"
132137,"7qyIZN-43NM"
583833,"9yhhTYK2Rm4"
114606,"foqo0W_Qh9c"
527729,"5XuY0CktY-0"
340270,"Bm10HivE9u0"
556984,"ZQv5JgiNNkE"
152259,"fv0NlYLrRaM"
31967,"AVhDYks1ea8"
133931,"YQOT50TzZjg"
730028,"odrWHNn8fRw"
384680,"PKVQP3GzwRc"
114478,"tCfmKj5w7RI"
272692,"dbUMYgKIvik"
257091,"aAn5NQO3GKk"
212778,"FF_rYNupPwg"
314095,"DX2w7kH0p20"
49012,"XoJN7k1BMYg"
513421,"J3MNM03Ua9w"
631939,"uDp1pBwrqKE"
65055,"JxDIe0nblGw"
772272,"2-1qlHIhWXE"
68722,"uBn5dURHsUg"
63710,"8TeyM5qV7Xo"
80518,"H2gf7PUw7Gc"
643882,"f9OVdmIxkso"
434203,"EtBhKTuPjEk"
74135,"bcSThPonFgs"
46705,"aw0NChcdQfQ"
35552,"a6djPGS3RCA"
77663,"_yseYEtQoJQ"
554241,"2altG6wElVE"
591538,"wkMKdamlL5k"
799375,"UKCmefQdplI"
520172,"QdHxRvbiRMk"
399019,"7VPwTKJc4s8"
512196,"MT9MBytHuOI"
445954,"9WNBGzyPD0U"
462919,"q9Pk_Eq4BUc"
33473,"Sbu-Qb_OPtE"
869025,"Mdu46ILAA5Y"
639798,"I3gRqsw-nHM"
425336,"U7sA2VRTLp8"
970308,"UAA6VUtPNzk"
273153,"_rPKZJCMX6M"
448776,"Mp88Nuci68c"
277597,"RBQcj8jNNXY"
640265,"7R_5fSWvGs4"
901385,"A2ArvtpGtKU"
76487,"MVpcszlYT7s"
22907,"0DItbZIVKhk"
107811,"WXNUcmmz5Vo"
212716,"-VJmjBYvc6Q"
527660,"0P2TDwe2njk"
55721,"MKa9zC4wa8c"
499191,"LfknWSazwEk"
60308,"AiAHlZVgXjk"
144616,"6DmW3BBAz_Y"
329833,"VNy9IGK7Sfo"
484437,"BxY2vnJiByw"
582186,"wQYLp_iftiI"
323661,"X-YuxDOO8pU"
872497,"x3M_uL-1tsc"
326215,"spcghvLHXdk"
680531,"YW-69FfY7z8"
149509,"B3AZx-cNM78"
65496,"9RZTWgCBxlY"
506072,"322908905"
77495,"1sMBbvc2o_M"
762469,"475263182"
433310,"d2sJNee7FQ4"
618355,"eOP3gkwAC6k"
1027014,"zcAEnnqnREc"
399057,"C29iACkyfYY"
32856,"fXyHuuYtR00"
58244,"3bTHH3O3MSM"
44363,"5cZPZ7dwvZk"
570269,"Fk1iGpUFcjY"
749274,"cf2BtU896j0"
420622,"S_8-VZpMdUM"
80585,"jFiDeufhxSY"
925786,"uBL3Ci6lbBU"
255343,"xrABnKrSqds"
277685,"Lgj4GjqCFlY"
169934,"qFzrTBCzsFY"
140870,"BXpar9AAt2g"
246403,"BCQJnOn0ru0"
42949,"jc3muhC5HKU"
820912,"kHxtET0VwDo"
16290,"fKwjU_pSSW4"
71325,"78293849"
435577,"oAfQh7v4Kbs"
230179,"-30Ib-la1TA"
331962,"su72UDDUPko"
41515,"Go8TPb509DY"
333669,"23I6KFna8Fk"
512901,"JRohen4LXz0"
632617,"KvF_0yunfXY"
166076,"EpnT__PBd6Q"
394830,"cFCP5SFHs14"
473149,"Cq9Q4dRLGzA"
322240,"_jHA97HzhxE"
529485,"xTvNXZ7WvAg"
724665,"hzsm6ko35fA"
628914,"XFKrYzs65no"
513310,"PGHD0bqjZWQ"
79707,"3Ft3vXb1o_s"
520901,"nat3u3gAVLE"
50348,"bqNTKmVq7gs"
449924,"f40JahDi1Uc"
665251,"HmDxxoFslzs"
276624,"sZu3sVK3JOE"
274479,"uR-2TiQVY-k"
59961,"_YIPBdglqeA"
33909,"q7j8leLG8fc"
27579,"utiyk42wR3A"
603119,"xLXZl1JF85c"
387893,"74tcmiPJt_o"
111190,"9d8BvjcSSUw"
171823,"LPFEJNm4Nw0"
879444,"eN7eA3_Hn_g"
765119,"clrEXRQR4fs"
127493,"7T4cYMrmsC0"
321494,"ScmjdcD8IaM"
71859,"bf9HeHwV9D4"
504172,"0WhaleJ3Zik"
321487,"9py2OnojPz4"
967874,"Vb_HUTRsvso"
438689,"FrXPIZN2ehY"
416494,"p6B76_LcZmw"
84348,"Rdxv6jaQZKM"
340442,"MQZ7_Uo0OI0"
1029528,"msLWIaNuFP4"
101733,"BJImnJ-GD_I"
74465,"Kc80eNzxpJo"
523638,"1I6p1yxZ_LE"
50839,"5RIU83i-WMM"
335791,"Ws74Ie4fMc8"
825597,"ThysCVlJxD4"
534072,"_yNmismaJkY"
98357,"oJWfM40Sklc"
300681,"8LmpqCZDJ2w"
387426,"AjCebKn4iic"
261392,"sSgzIJbKNz8"
107985,"7NGdqeq3tBQ"
716258,"nj6JIzrIzxk"
486131,"Jdytp7-WRZM"
22971,"r0fq5dd0C60"
303903,"v7SS33mFv5M"
339060,"s9eSBw9IX0A"
353491,"Gt3FojykOX0"
702936,"Ub9EikTkrTk"
46441,"4f-yDEHJvko"
271709,"90B6OQTQWYU"
71689,"jwfNAPIfip4"
77016,"EdfhTzexQRQ"
484886,"md1Bft-Hh8s"
212167,"4WAw3cciDxU"
408270,"PwzEGwpql3M"
169881,"IOj-Pn5WJkw"
390054,"8hq28cZ938E"
727293,"5-DS9vtLeEs"
767504,"iuXnGbxTxDE"
29427,"TfeK0aN9w24"
286873,"nks4ADHm9BQ"
84226,"_J4d7NyIVlo"
786705,"uGJBHueplss"
126172,"zYg51_PFeHA"
37056,"165tXUPESnk"
714338,"4MGReT9-cAg"
38117,"3XeyQv5n4zk"
417678,"mAC-nh9PU5s"
267193,"_YtclB_02wA"
292177,"M-N2Fn1tP3Q"
437586,"DU5gJGSuelM"
289198,"EEgDR-4G8LE"
437068,"bB7z4Xn5oNA"
741636,"WVvxIpudj00"
504056,"7Fm6WFrhRKs"
502416,"eIvbEC8N3cA"
59860,"X0n3Q_VDQk8"
399174,"ukBvyrD2Crc"
758902,"M1UV7HrTi6s"
413644,"TKNYU_M6O5Y"
463272,"-Qv6p6pTz5I"
301846,"FFmUBiMIBVs"
44037,"l9BCyDDm7sU"
23169,"iFFas72-dTY"
581600,"bgKEoHNi3Uc"
96724,"ombvHSxmfiI"
485942,"DQHvIaJvsuc"
266285,"LwBS3a9HOWI"
316322,"Qc5NxgIPq7o"
180948,"KHpIunCno6Y"
492336,"KA3YIybS9ys"
47407,"szD0fAobjDk"
242310,"KoREt4C6l3k"
95608,"zeyvnv2iXbY"
575299,"0EG2EEzIQaY"
357786,"4lt0rT_nmvg"
528085,"cU5875rHQ8k"
680593,"FwN8Crl_DxQ"
598896,"4Xe7-nrdOfs"
210860,"Fi7SXfdfGtw"
812025,"1MlYjH07DUA"
913862,"vt-IJkUbAxY"
621151,"fTznGVd8nyo"
740985,"0Rsa4U8mqkw"
616803,"t2f9NrZwjGI"
582596,"2Cwaneq2w-4"
433502,"UrHIduCcdA0"
882093,"mQqGOdHFsrY"
853588,"XeZmKxWqqbs"
543540,"Hld-7oBn3Rk"
573730,"Tc-A-PnHzdY"
471498,"8IqXgZd-P98"
399035,"BN4p7XhR16A"
529216,"3NCOwTBWYdE"
471474,"veThtnQI3ng"
324542,"dA7JW9Zj2-g"
575813,"mXYifqtNj38"
420814,"0URpDxIjZrQ"
297291,"vvs6_UlYMsc"
155084,"dtyF9dRI7tc"
49797,"xwWgp1bqVwE"
355338,"Grb4O24QGcs"
401469,"4XfSaHv1dn4"
635731,"1i-_CRKdh4Y"
460668,"484cdMd9P-o"
349158,"gdjgJb0ovxM"
318850,"8qiAChbkyf8"
42889,"dA8BUZWpVkI"
85350,"HjmUJQg2eUw"
927070,"zH3c875odA4"
339404,"lvhnNd0RoT8"
242546,"9i3T5JxcQ_M"
106747,"7j5-HL6VW_8"
738652,"lvPDvvjlDqM"
469916,"WNh4yYXrbEg"
97434,"glqvVQCB6ao"
470044,"PC2H9Hpnn6U"
115969,"vSd2oqDzEPA"
181283,"Uia6y9SRsj4"
76025,"rh2-COk2QlE"
399173,"ax7QxE7um-g"
508138,"Icb1Y_ZrKpk"
168530,"SD4cQwr7n5Y"
286565,"mIF6LnJnVmY"
657811,"c1P44Qr6gyI"
660942,"EXbPo2YyX0s"
553600,"TsnUub4fQtI"
581997,"oQFLeVdfiOo"
579583,"R1dRBn6zdVY"
873125,"bKaj4gXor2M"
287903,"9k-uig5obaA"
545330,"00NDOWXX7KY"
87818,"RrvFBjsglA4"
390062,"ADjYDl1RCGs"
499726,"f3WBCV0ybNU"
509585,"Z5Vz9nPw2lg"
398173,"mtD2BKXKKxI"
412105,"IQZuAWcxm2c"
608085,"eAkibR9b44U"
334298,"JSRZMCfTgs0"
515789,"zf_FAKFHJdU"
201085,"oquZifON8Eg"
208134,"_MSrAwfagG4"
150213,"Zmd_uEHxO0Q"
382322,"NHY05QdAJ9U"
466081,"mIYrMUPdoWE"
477033,"V1E240HdoR0"
507076,"Z_82BfwRHq4"
45269,"OpH8kO1AyVA"
271718,"xETobANYaNc"
157547,"uf89cQzvw9I"
22972,"e3KJ21TLKVE"
383785,"DkPluechlNY"
446894,"IJbwz59owW8"
50357,"pMklUZKFyrk"
428399,"77jcXDGi7RU"
52449,"GahC5cVsU6A"
39486,"UKmuvjL2cVw"
284289,"xgE2ISSshIU"
552178,"txSfGkMoxbY"
483455,"6ySfGSAbNc0"
384521,"ASKpWc_d06A"
531306,"xkvBpKHL99k"
485415,"vUBrPizoNY4"
921643,"PCggYIdUpyw"
203835,"uOgj4QQrxpg"
1005342,"5Ux_ipIsNyo"
400157,"5MRSBuQt51A"
871875,"ldgpvlN8XL4"
418437,"iFXIBL617yc"
513302,"5WD9m5MfAVw"
88557,"sgpqZq8KG8U"
87825,"fTHSqutzOcQ"
80184,"hWq_1Pj0QDM"
802504,"z85dbwe5Vyw"
347754,"lPlunQ3rzV4"
625450,"NfpXeLVzJIw"
440597,"Sp8GRrrbE-A"
332567,"EgdxIlSuB70"
272693,"YGBNMNaJ6M4"
381693,"aJ2UYchHC_I"
376660,"aw9hlZ2uiII"
625814,"KKczTNats58"
502033,"VFOrGkAvjAE"
365942,"huf44eTguJY"
571384,"VI35lHwUamQ"
378018,"IkmSNt4moNg"
539537,"8tElaYjaV1w"
44244,"1yKLEoImqw8"
378385,"BnqXG5kZa_U"
461615,"k1Qor3xMfW0"
238615,"AGA7FEZ8DZk"
135858,"er_e5y9P1hU"
270938,"Wys_7B16BVY"
538235,"293324042"
475215,"E8-PW5wvt30"
199534,"s4bqeT5edbs"
172226,"lgCP7v_Fj3I"
269955,"40NSEn733iU"
171274,"wZfs22E7JmI"
30675,"l1Y88nfJhDM"
270774,"z1iefFsPSaw"
10679,"4lJAw_BtM2g"
521720,"m9fvrfoVJDs"
416234,"wpohMzKujiQ"
934756,"_kRab62q54M"
109491,"SVfKAKxGlkA"
615665,"cQYa7vVLmXo"
455714,"CLdhN4oMxCQ"
50359,"Z7M3ofz3TvA"
68812,"CJIXOx2-GZ8"
927855,"ExfET5C8dFg"
328387,"woYHFcMVtlw"
601666,"4lkCCo63nhM"
68730,"cuTjBL28l0U"
393457,"dgW1rYESkiE"
582927,"ieeZ0mviFKc"
587496,"MGdcTUMGxB0"
48171,"XyxFkDdnRJ4"
408220,"Fs9_4Ap4G8I"
258284,"6QT0zKjvRfE"
852485,"GG6fp2hHjV0"
458423,"DpQDVOF_hKM"
75638,"IzDOkA6O6rE"
913820,"RragIUAAK-Y"
644583,"N00DwEsSSYU"
595149,"mxKoOGstEmo"
50698,"Qn3fDvUXFps"
430040,"KP4sl0_pN68"
145135,"K8iLp1xQtPQ"
714968,"EFaJFKNnOZw"
580175,"JCZcFFKS-Qk"
134366,"HIOK1xlrXas"
323675,"Eh0w35EiG_I"
398181,"cHWnMmBteiA"
537056,"F7GVVZJNnTY"
343674,"twbGU2CqqQU"
205775,"VewQ4Yv6304"
302401,"QlSAiI3xMh4"
83389,"9nzpk_Br6yo"
35558,"Zn-D-9su1Lw"
370567,"gwcdJXhngBw"
196761,"OS43cCcWU0A"
622420,"5dAuqEXR_go"
403119,"fQdn0XB40kk"
260535,"MMx3uMPyLmo"
407440,"zlZHvEBfEYk"
571627,"xLrYXoeanxQ"
413052,"Va9cvA0zgwI"
376659,"qcPZMmvFcdY"
83542,"G_DQFibl0rY"
555974,"VDhcCPwzxHY"
400106,"MUY3GVByRUs"
621707,"Q82CFO_OvmY"
514710,"gvzKuZb2nT8"
97367,"Kr1-uWZJIvI"
347375,"yKxxZOCfZKw"
523139,"7afc9gTbVFI"
560044,"EPeVUf49ME4"
154400,"RJZtoAKDf_8"
484468,"a9Gz7Bg07u8"
446807,"Le5K1T3cYTs"
565426,"LIU4xb61PHc"
445993,"p7-UWfjHjCw"
375262,"pVTr1_RdPz0"
68734,"T29kIOXpj6o"
41402,"reRRAEVHq8E"
362584,"nOiEjQy-J7U"
602654,"MFgihXtiWbE"
137227,"0oLPTdEqKA4"
38167,"mjay5vgIwt4"
335360,"kIv_ConaZ1c"
740996,"KlsNaPLE0kw"
1053110,"vHA6tvy4_vg"
225565,"NDgUNGYNd3o"
447665,"18yT09uykrY"
463116,"RDOPiR5IAaI"
722913,"inkjKpmreGo"
157353,"AjB1E6XxbTw"
331576,"D-h9PxGY4bA"
73454,"yA22XOFhRR8"
672741,"Wfmb1-UEpW4"
38317,"A4I0ftBiwZQ"
428493,"ki3B3C2tGBQ"
599521,"3K-7W9KSi5o"
75674,"35b_UqGYZgw"
508664,"_E0J11-rB7Q"
65754,"DqQe3OrsMKI"
457955,"hpFtHtdPgQY"
397415,"oWHUlhEkP1Y"
49049,"qv-6dNqqnMA"
644083,"um2cHkssIsc"
650031,"_yBnTjcAJDY"
785752,"tAJVDe205tY"
455207,"vcD8LDetI4k"
175574,"0Zd_OLeZW5U"
474335,"oMbHPCbjqfs"
535581,"2f28CzL6WUw"
425134,"3IHiUYU4wQ8"
739993,"TzAAtZx6xzk"
458253,"pb_9B5FK_AA"
38408,"ZNSeUYw95NY"
785534,"lXdSaVK-vzs"
670428,"BsdQZojeKso"
925943,"SQXIacYeg7A"
397422,"oIB4jNYeRY4"
339530,"It8R5ckIg3I"
526050,"3Go73YmyDz4"
205587,"ZBvK6ni97W8"
431259,"WuehyuS56g8"
59965,"CEVkp5Je7m0"
559907,"bRlqWXMEk4U"
504608,"m4WE0Bngoh4"
316154,"4aJeVSMaf20"
109443,"5SaxymLZEuE"
607844,"uDyM8zmhQtc"
417870,"7jE61BzKmgQ"
433419,"EgYvizDPUhw"
438590,"yha4xpMG734"
83899,"ufUQWpEkbf0"
65650,"7NwPdz5iU6o"
475210,"WJyyJ7lexnM"
744594,"wK0ni47AgRA"
320846,"nekaigsteOc"
950445,"sIME4sLR4-8"
516632,"tk6u9X1bW30"
256961,"j9N0nvBITzk"
517096,"qHQuPBBvFZM"
627725,"J_-nk9-sMus"
336882,"QPIOV-tCaEU"
675490,"KD43OQnTMWU"
396194,"RVztPunez78"
846167,"tesvZRRAH-0"
72358,"BsohmWonrCg"
548473,"agnpaFLo0to"
417830,"lDd67icSX2A"
161143,"M0a-_4Mz68c"
509730,"9WWXlBqkFw0"
211755,"KeeY2W7phbM"
38356,"XeUtb5L9iNE"
500922,"3PDU2f5ViWo"
46146,"yPyU0ePmI5M"
339988,"QUlr8Am4zQ0"
618354,"weOF9_FGjOk"
480042,"YyL75IBXocE"
865559,"mO4FUNkAJak"
94365,"Pijm_Cgc5g0"
526051,"wuLJHROphdM"
766475,"UIT8Mn_i2no"
103663,"9Umv4CyxTdg"
327833,"U-Dhags2_Yw"
955971,"Y3jXdxCS05U"
599281,"4fo4gmpU0f4"
332356,"hgccekzzZ3Q"
780382,"R2jpRwSFenU"
611914,"EcaNxEVqsnM"
690369,"CR9h-iAmNFk"
916053,"G5u8oySXNTk"
425972,"SEiHP1vuCPg"
579047,"34Ld_IdPVKI"
445571,"XrR4SFtr0wg"
109431,"uO12W35DpsQ"
39538,"nh2MAnGvZZs"
310119,"g5Cu46Hf-o4"
638597,"Y-3Vr8Ut8d0"
254473,"4CzcsN4k9FM"
629017,"TOAqMhKcP_Q"
39691,"PD28E3a75Ws"
415214,"vcyef27rZ-w"
445030,"0-KGvuSmdr0"
100241,"NXc5epxOH_c"
257512,"XQG4DG7zCH0"
460648,"PycUqhQxR1Y"
489999,"cfy_qdq96JM"
457943,"xVzhqPC-CCM"
20504,"yAQcwKY0Dik"
531876,"g5qAVecrGr4"
48988,"1JMCvX6qXuo"
762879,"Tu97_zZ-Rk4"
474395,"b1QozJYaXsU"
316023,"Z6ovonZxNk8"
648990,"zlgco9hNJpg"
325348,"4JVgQzBG5Ho"
449992,"HfSisHrUTLM"
364324,"SEmPPiNpXRQ"
523536,"3V1CKYQRS40"
254320,"2buYkFaehp8"
582913,"e9gOYRf5vm4"
496704,"Dn2hSvhkkRY"
627290,"bhpLDIMzYGU"
826769,"vSDbzv5vsWE"
632632,"XGKGjMGZwtk"
396371,"vS0Gw7oVsYc"
287424,"UgjrjR42Ado"
542178,"6kg6WLcZ6sA"
40205,"sYB7zfkOd7c"
746419,"c8bGGxNaWgc"
823855,"zMPS9JO0p6w"
576393,"MOVJfn3OMlw"
79516,"IPT_qqJ12s4"
301337,"e5cQH0qKoiM"
776098,"ktDTTI2w4xs"
53457,"LzDZ9e3mGRE"
732670,"-bZxO5Dn9x0"
783753,"lIHdTZA1J4E"
633515,"bGiR5ZiEWkM"
60307,"ZbqqYuG1TCM"
283984,"AMr5pXzpvP0"
454227,"wHpO9AG_dkE"
404733,"kWqAJE-Yshs"
277355,"jCWXWgg5H9g"
51497,"P1UVXvKnCLM"
241863,"OEh1fT1IH14"
433498,"xqj7XOv9mC8"
990691,"o1VV1DEITI0"
109424,"WXo5mSn35a8"
93856,"Uy1ay369Jiw"
450806,"IaMfIvCTY-o"
245842,"0yuwbPwGNEw"
524247,"aKXvex7b1Ew"
44040,"wYy7igKD21A"
91417,"hXT5yAthfQM"
341013,"Po1GmjeCoxo"
415842,"VW0PrPgI8F8"
845404,"afJXk-RgzoQ"
454294,"Gy7BezfoXss"
49527,"sBJSfqdhyTg"
227159,"utriEZFno0E"
389015,"iAQx-jbe2iA"
44826,"nZGyAx7YyYM"
612152,"Nc6loZU3kjQ"
491418,"IUfZq3DUd3Y"
379170,"V8LWfc29J_E"
56832,"6M7X1pTM6H4"
630392,"-zT0jhfm1og"
765245,"LxftqrrlSqc"
50087,"3Iy3UlYdF9U"
30061,"EJruJxZJEvI"
360249,"kl38s6aVxkg"
397837,"ADj35gDqM90"
402331,"CyE7qfCXvec"
334543,"nsvbQ-b2btE"
227306,"ESf7MDu9SY4"
213927,"L2nHNJkTBHk"
81481,"vOxlmwYmjws"
74018,"jMFRx4gNJiw"
49730,"kABShhWhkq0"
403310,"2w82_SE5LKQ"
530382,"lJ3_biTbeRM"
56288,"ZkMbeM7hl40"
271706,"295480380"
1026624,"0zkcqqBKAJU"
82695,"TWHdf7zM5Rs"
452910,"vC9a2sDa1NM"
337170,"UWbyFAK1EVY"
257475,"BnQMiAFEiEQ"
80389,"ETppILg_CYc"
339259,"3GyVqaPBvyE"
37735,"KNbPnqyvItk"
293670,"VUWAgbXSJ4Y"
284303,"HCjApb9EDcg"
457799,"mdMtnvMJcDA"
428045,"1fc4fk7QaZE"
184346,"2RR42oZX3-U"
359940,"4gU6CpQk6BE"
536869,"AkHlhabtyyc"
570503,"-IK6WIktV8Q"
323027,"yxL1Iw73azg"
338803,"Vc165TX1TnE"
461053,"H8-SFAbDu3w"
405775,"OZbjGKtR8QQ"
414419,"s_iExUQIH9c"
843847,"ibI0mLL0zhc"
457136,"Rl2bFLmsm0w"
615453,"kEou_FYdIpA"
792678,"XumXdNoZKlg"
678489,"a9PaXoTHzAo"
449176,"0tW_Xl8yokA"
508935,"wdaf_D1KeMY"
579828,"2vfmCzuTsaY"
192102,"iVLRDwLv3kg"
795109,"dKlvMbk3MNE"
578908,"OsXyNcckpwM"
72570,"PcL24s-S6ns"
649928,"Khyk6VEvJ18"
345922,"s6pEbzqDXcg"
512025,"IdZ43OuZXjQ"
754609,"6huVqYY1ZE4"
122126,"rZ1ZfTCoSeY"
254172,"1WQEy6lHEkM"
826914,"sN_m0GeeCTg"
852830,"wQdyAC9F4-A"
991814,"Y8yvXoyLPvM"
436274,"ZCTATu1xYCA"
70435,"pTsTCibMvc4"
759054,"numzJtJWT8c"
371608,"rNQrKls7k-Q"
405882,"6lanY-8LC5k"
666750,"GQtt2OKmH5o"
26022,"nGH2mTu7AhU"
93837,"fUNXNLyr7tU"
51481,"V64B9WObjfg"
718444,"fX_ddBDYjkc"
517093,"IcKtzxH4TQA"
458220,"Fuaq7l7DAeI"
455236,"ODmJXjcRzG0"
347847,"C4EhbML94Jk"
369885,"qsjQlGNs3BY"
222461,"DEBt92Ij81s"
41283,"SbJ3Itb4vsI"
532638,"zBBT0RZiMIM"
110552,"VaRWXVtODxk"
553835,"a0WTZ9WtRog"
398978,"X5vxcXGC_f0"
817648,"xppbyXSxPlo"
575604,"hxkKeniT-0Q"
602147,"3q7JOLZxjqY"
583132,"qOUbfbSFZwY"
239571,"IAlvvyx81Vc"
266647,"Y1wRv8vTpxo"
73245,"nmcPE8xv5Hs"
181656,"uxzcX1tDOKs"
293768,"cLD83jvbyz4"
537996,"_2PyxzSH1HM"
80274,"KecVAykkfCM"
296065,"3p0KIrh8hyM"
388399,"4CL-i0ZBFwA"
500664,"gEnRNIvEKu8"
992536,"KeG31dmeYyk"
230222,"eah80eMZMgc"
409421,"hwy806RC2-Q"
1053419,"qCzk-V0eIsE"
839678,"_ucMjSgVNqg"
570670,"-CI6Q-BDnsQ"
309425,"ogIX2Q7tEdc"
193610,"BlHMHLuJWbo"
241848,"y0E2Qh6wLS4"
37958,"pE3yR8bZ1pY"
585244,"BeeWZrX3XwQ"
264999,"wN3oGxPR6Tk"
460059,"zCX8zb4y1b4"
283445,"5LX01_nSeZU"
221731,"-ti5Y9jAor0"
817451,"kLw87Kc46kU"
79224,"-KIUsUUzyzE"
604360,"3u0kh0IzWNM"
346651,"SllHJHiSwpo"
572164,"Sp_Uex375YM"
300168,"lwMlpp8GIAI"
615952,"19Vv0ydYMBQ"
546121,"z_v0icKzgw0"
480881,"ndPOAAmtvPE"
390734,"AlHR0QztA9Q"
581734,"vr4HhJ5e-Ow"
480105,"AvXjx8SZbv8"
168672,"LCVLdY8RcVU"
87516,"vdQfLoMh1N0"
438747,"X0P9ni0hTI4"
671043,"Pi9fYbM8A0w"
828853,"xxEfgufpiL4"
441130,"NwXFKEe62GY"
262841,"Pu_7ii0T7-Y"
431530,"NGewN1G988o"
522406,"Bum0t2CbAak"
363676,"OsINvu5FYKg"
82650,"NbnTf8MB8LI"
170687,"bbU5CsOVDmk"
441282,"aDD9jy4xACQ"
437109,"ettsG15TD2Q"
70436,"XMG9HawX1do"
353616,"pTEmpZ79jeo"
45162,"VoW0m4Li2Bg"
400650,"UcD4wnGnR2w"
87826,"M4L6ruTF5qE"
530442,"8PWMTSHc8qg"
452970,"qZ2OYb1wxZc"
718032,"WDX_gC7w89k"
64328,"Mq5LfuvRBVM"
77930,"MRReZgyt5CE"
430155,"5WohqZM2m8U"
820446,"TvwTqdxc3Cs"
318846,"1kQc3mmtH-o"
819876,"0Hvz_nfTLog"
257211,"324pojjHOhI"
365222,"YX02uWLC_u0"
592834,"pfAhQSz-j_o"
128246,"bGyLPT6pQs8"
433945,"b6tINlquCKU"
559937,"F_MJz_GKITs"
184314,"mdOlnXTSTw8"
461130,"PrX1JJ5dduA"
391713,"P3SjsYZWusA"
40662,"EcFghlzjEak"
844398,"ooPwhhjoulw"
361292,"1IruXDYtg7I"
521777,"Jnx0khVlSSE"
431819,"2o5Pb_tMzWQ"
362585,"4nTLr6Uf9Ug"
38745,"Ag4a9ai6bTE"
838330,"iGOHg0k30tg"
77805,"HPJY-g-WoQo"
760747,"LC5MwTuEeeg"
97630,"k7R2uVZYebE"
41733,"hEtu68oxBfc"
778106,"A1PTIxYrTVw"
559957,"LVVlSIrpoak"
235271,"ZdZ0lUxunbA"
459910,"WdNJnwC6enI"
458723,"q9glyzx2DaA"
603661,"a9toRWhKaqk"
207932,"RH2BD49sEZI"
438799,"ClnSvRzy-IM"
785976,"KMyUnyxVB9Q"
289720,"OnRuRFbpnCM"
458594,"sdL70wkf_H0"
80278,"PaY8EeUYh10"
792657,"FxSuRp0a-hw"
578189,"-GnZc3Y4mMk"
80035,"PhN1xnCyqR8"
369972,"RPNabGwNoRw"
657644,"1aojy1pS_f8"
115223,"pJGcJNkzWIM"
204436,"v7VHN4hGlk4"
112454,"PNtZu-3di38"
399404,"n2yb9XV_S7U"
87502,"WmjawuFvDu4"
116149,"7bZFr2IA0Bo"
575774,"DYY0QJhlXjc"
787723,"YiEFZLRyRQo"
460555,"nRNZjtOUpto"
550776,"_HLkTWalp-A"
433808,"Vfugwq2uoa0"
582014,"Kq-skgq1yq8"
301351,"UIs4Xv6Bpys"
37821,"NXX51rOSHuE"
315064,"qkynUvQt6JQ"
309809,"ihi491RQo5A"
345009,"w9WMpVodbnE"
934761,"WR21TH-6LfY"
27582,"CMklQNn0OH0"
97370,"6rmVq-5UJnQ"
227973,"fVR4E6Q6u5g"
522212,"6YzyVklCoAU"
777620,"08T1ObkO7O0"
455980,"kjC1zmZo30U"
689249,"aGcYHaFaj8s"
487297,"oIrQ7q0xdVc"
526007,"flDC7Ar2Deg"
475430,"fl2r3Fwxz_o"
285812,"HKSKofVq3O8"
594188,"hSm7-UvJquw"
508965,"DNNIxgDAW38"
511809,"Fu_tsGArfGw"
119892,"FgXdrN5SCuQ"
736918,"asH6ny4ILzM"
77459,"4PqBTnqIHu4"
379291,"yyxL9mZR9oY"
724885,"SvzviW-HGgU"
297608,"JiODgrdAJvo"
836009,"bEyyKwVORvo"
277547,"JlvyE_Rhzy8"
506281,"-VpL-_zUEDA"
615666,"aFI_aiidke0"
757860,"vDO_5dridLc"
201088,"8bVH0bWdP3I"
549294,"fl_kzTQvPVw"
345920,"w1tfLWxcEzw"
760873,"H4yKeBYkHn0"
1049638,"UljHgLt0l64"
434555,"lev5404ftb8"
44048,"l__gGyq21U8"
754934,"OxwA_E0ywUs"
382517,"U28So4kWo7U"
399170,"Wtb2Ef1Yz-I"
514593,"RAe7McqRlys"
381890,"6yJCJIZP9iw"
82654,"x3ErWNBX9Rc"
504949,"urt-PYL2Vm4"
760517,"UEW3JpGCa5Q"
739542,"cf5NWZJnWIM"
609242,"u3rtVNSC-FU"
426543,"AoLr7tj1n68"
265851,"ulv5ICaMo6Y"
504631,"a821lgf7HhM"
489245,"0mab6h2sE5g"
535292,"Mmr3kD3Q0u0"
381719,"thHVEp_xU04"
290250,"GQR5zsLHbYw"
221732,"vEJo1BSBGPw"
559562,"1aRjfmX1GbM"
207933,"HsaPk-S4Vvg"
72387,"s3kTkk4k_5Q"
874300,"rMsbqO3O9ck"
76640,"9bGAR4tEm7M"
843543,"WBSgBew6cpo"
586954,"cgvCTZce5cc"
621876,"05F8MmsiLQs"
439015,"DrIykhDXC_0"
715123,"vj3sRzcvCJc"
805051,"kD4c1ujoRZM"
433251,"nIgeVoVMv90"
666243,"J365hQpaWRw"
413518,"H4YgkUDVDhE"
150202,"HHfx9RHCV0U"
286567,"FSfWGcD78v4"
441701,"lQW5I5tCy28"
75948,"E5KR-SDeQII"
49047,"Ou_04SOqmdU"
114150,"2cX146MJ018"
312831,"-Wox2Oh2EXw"
710871,"2QBQNAZAMrA"
810223,"-09c5nPYskc"
171581,"jKhtBKsiTyM"
522417,"SXAO4ieyY3Y"
500916,"7byXUosJCbU"
369299,"jcZ1Il9NAZ8"
429450,"jpCJx2A4GU8"
76203,"3f2x189cLoo"
449985,"DovnHrIwfTY"
556678,"4iFBmGJ7eyc"
415010,"cbjjHtS5lTc"
77866,"Rp0b5ZXIUvE"
580532,"36ACqc0OHGQ"
399361,"Fo3yRLLrXQA"
514439,"go1jaIRQc-o"
63311,"PavJUoZNT7g"
342470,"zfQXKVCudec"
58224,"Y3cSmpfsl9c"
465086,"DX8Fg8xCPF0"
424998,"UTShvu7UdpI"
204082,"tjSOj8b804U"
33217,"T1x0bYr0bgY"
51540,"VpUeQV8sdOc"
616651,"o26zCivcEq0"
228205,"uEDb35R7na8"
547016,"khCUVWqW9BU"
974691,"9AVNwzx2RXM"
329996,"7NiYVoqBt-8"
732450,"1zn4HIZxulg"
659986,"yMvJSivVNrs"
302429,"E0HD-OAmHw0"
602302,"KIi7aAJjcF4"
356305,"3AooQ-iOm1Y"
350312,"qD-6d8Wo3do"
494407,"8PGsP59Io20"
401561,"O4Kb40pnoOY"
60935,"zzqem5BRzCc"
14564,"p17DJbPRLc0"
542417,"8uc30b4kZws"
54445,"m1OCLApuHjE"
667141,"vs_DkzeY0CI"
346685,"y5yk-HGqKmM"
692969,"Bc8sZbEEO8U"
347548,"P_ez3uBJeyg"
353070,"hcdTN5soeQw"
614409,"2jPdejek5QA"
483202,"qfSTiAw1rkM"
62206,"_o8u4pIf3Hs"
572154,"JqHS7nylmVQ"
74308,"KXLa3swAa8Y"
433422,"CUBIDu3OHlM"
39451,"gWeArWdQb7E"
598331,"W0wd2kvZLoI"
451915,"fzwpE8Z2GL8"
339527,"kEu7BS8IsuA"
531309,"oD1vbhicJUY"
340837,"rQLGkp0px24"
429422,"LHYlKQSc7rA"
72431,"NVq6Xr5fcfk"
649087,"t7FwypV69qc"
333167,"3vHLlfz9Www"
254474,"7onFrBK_hKE"
253412,"lT6AHYXdn0Q"
454527,"LvpH92bmb3k"
245913,"XBrfxHOXsDE"
531428,"R-fQPTwma9o"
417644,"NErwOWW7aCE"
160642,"wO1SDGHdQas"
41436,"07XbSk7Rjt4"
251783,"J6LMT2QYDVE"
57212,"kEhmx28Tbek"
324670,"rmC3ZhIHHi4"
833339,"48R66ckRO4M"
41216,"hRfF8Kes77E"
928769,"kVlPF24TXsM"
533642,"OhYmZzKwcUg"
936625,"80yPDHB-YJY"
842171,"CyEBaYYUroM"
43539,"Dwpw7HJ-XaU"
994143,"APQqilSTxz0"
146301,"cmsIh2YU1ko"
109520,"9i5wyXCFmtQ"
510242,"9GVMoxhtrY8"
988046,"jnJ4BGNpby8"
395991,"ov2ydmrcWrg"
401478,"fuv_8fNTEwQ"
499932,"EIzazUv2gtI"
881211,"feu3E6aSBvE"
785545,"QtVCreYpNZY"
266856,"x5ktlKyiegQ"
272878,"WpDWZ74-IN0"
49021,"2Q8VIPJAox8"
137094,"cn3mwKnFXwc"
310307,"oprJX5BomEc"
399055,"uiA4B5Y63IQ"
627661,"C00bzB8GGyE"
334533,"IReJkOklr18"
26389,"-jAbatBqqSc"
645886,"JNUjx7LZoiU"
166666,"qjiXOISJMkE"
203801,"w_Ky4KPzKwY"
452773,"Iszi_6V71SU"
188161,"B9wd8PHPYn8"
238713,"ltijEmlyqlg"
71670,"3qKlqsvKb6o"
70006,"hzkWE0tFQb4"
169209,"HnbG6izGPlc"
497582,"v-pi-bYAWxo"
479455,"seo9kgZSEy0"
315465,"mnlQWM_F7AI"
790142,"KWxJXZ3S3-g"
624963,"MKR33fJ_yPw"
264419,"_rf8BshVm7s"
660120,"rmARxBhaugU"
560192,"kMZA9aafu18"
399366,"bkCqmAxZXvg"
59967,"4Kn-MmuK3BI"
484718,"RcFOlbP9xIQ"
270771,"l9IVgbxOdpo"
429415,"9eNFR3HBhio"
354556,"uyZSbTDG1TU"
301804,"f8-NXah00m8"
492188,"H7zpy3pP-SA"
683127,"y2T-gk9GHrY"
144288,"O8dq05dM-Yk"
392044,"z68frP9Q7XA"
195589,"KtenH0k0FMU"
462677,"arPtWLzIt5A"
621013,"GuS5BZTUVJs"
548066,"qgtN95CJaDg"
49017,"q3moE6f7qMs"
503919,"OLqyVwZQa3w"
295693,"XvW-AzZ7ZIc"
483906,"oMHwRal-AR8"
539892,"sBQF9t1qKkA"
325133,"qPCIVjeWABI"
59108,"VRlFmGq_mPU"
37710,"GRp5LkBkqnQ"
78215,"MpcFKka5MEI"
50321,"JWYVQzG0rYk"
467433,"QzNuMWxPo80"
359412,"FX2BNMwH3Ag"
654028,"HVzBwSOcBaI"
127521,"F0kRbWYyHP8"
445651,"exMwgBL6i5c"
487242,"l0FyWzZtI94"
98567,"OPQogQKVeTk"
75629,"pwLw2hNNz2M"
235260,"-Hsl5UG9O_c"
333371,"yQy-ANhnUpE"
1003180,"c5Vf9WpaP9I"
646207,"nQBKi6B59Ms"
1022102,"E0JxDffw9J8"
527261,"Y-ufZuqTd5c"
57089,"8fXd2rc77ms"
600354,"g0ox9ExOA1M"
733317,"Ada9SU8tShA"
292431,"mR4JLD84RBo"
450001,"KZau4zsOtyM"
335778,"X_GekaqndMI"
85446,"jE5w-Jl5BSE"
839100,"CthU2bsh6Fs"
354282,"lXy5GTk7_c0"
82990,"tfXGwj6DMRo"
587996,"UCLz92vUYJY"
647302,"8VZG778rYEk"
436120,"-Hk8IIX5i4c"
573680,"eVziVV7JN6c"
631947,"cvW9sPW2j3k"
440021,"p4WGTR0fo40"
458305,"392009100"
499701,"ksj69JaBrAo"
471506,"kzbgZNS3--s"
501170,"6u8ggerDcwg"
645710,"Exba6ade_oQ"
980804,"2ETwB-JzHqQ"
726208,"uZvF-YB39YM"
268531,"ApJPkUMMYbo"
460019,"BjRNY3u3bUw"
324668,"oX1MFynkf48"
280217,"vqmBCOpubeM"
871799,"0L3KfrZ1c6g"
274862,"ViOzoC9Qju8"
768449,"__nnReOXx0g"
615165,"YGzSrGnIm5M"
242224,"EVxOrUjX-bc"
44263,"Mfdb7QsuM3w"
76544,"QTBpTHLqrD0"
109410,"HALfME0wjeU"
600583,"nnzLGpaPk_I"
656940,"j8T0GIpfxr0"
483980,"VSC7AjafRPA"
300665,"wt8wybR4sfk"
334541,"obdKk_sYQNI"
346648,"07Um1PY_P4o"
651571,"AG7ml1G2lI4"
109414,"kliQSsD_npo"
80410,"ErT9xTTA08o"
75612,"3D_-qpFe5KQ"
71880,"uA48UG0gkJI"
649409,"6aQHkYE7j8Y"
68817,"fVyU-Hvzpt4"
420648,"wcOqUb5Z7xg"
297556,"EIhWIAHov6U"
517302,"0dUk5JQ0jBU"
282070,"6WsrsXJle5U"
110420,"aZbkeMolhB4"
338970,"nfIrTxSONu4"
340666,"8UqSqlCTZi4"
395834,"CZgN0dpFoaE"
273248,"IMGwqSA9rww"
590995,"J60ueFp-jv8"
407436,"OVBjPpUlQrE"
428707,"4AB9Ls2HAXY"
784500,"XDnKDYpvEgo"
417384,"FLsr5nsa8qg"
39514,"-JZ_moituIo"
37799,"uvap4gEOC5I"
120467,"FIlqIj0fuk0"
419478,"U8N1fKXunCg"
48340,"OBik92hLhAY"
44571,"oy-LMbfTAGQ"
142061,"dD2VyqyKvwg"
721625,"IgxXSfto6Vo"
710356,"OjqewZT0r68"
299687,"pMyfHZXjC04"
682532,"uddPHOuQh7E"
64686,"3jhjVYx3PAs"
518158,"5PIZEWZvi-I"
302946,"0KHOVlEpMyY"
58431,"y5N7OyoTCXg"
38322,"0bnDBexQ-Yw"
519465,"kJmMCVN_6fw"
295964,"Ws5TnGiqGgM"
71668,"ZbWepf-zVHw"
835786,"YuAURTnOa_8"
698128,"OX7L8pFWO0k"
52001,"GVXT_D2nGpg"
664168,"QzRND4AseYk"
693158,"vakNakzL25A"
65291,"ye3mct8jdxw"
44115,"OlhLOWTnVoQ"
787310,"AqmOsnSElnw"
51608,"38rPoGSr19U"
290864,"DlQYdIr7ZO0"
194662,"zSg8DlDEcZo"
50646,"vGRXOooHCAA"
846250,"Bf9CbPhpVNY"
763149,"jsUYJmgHUN4"
460793,"hb8WDATVB6A"
342588,"CF0wVpPhTck"
803104,"A207HN4bRJM"
192577,"bbXOXFyPj5U"
38358,"RtbqExFDFZ4"
508763,"jSIgfeEx5G4"
82703,"aMl2tTVwsZA"
530079,"Z0PMGC7q5bg"
808023,"1tkYmhXVqdA"
43959,"MWeOjBCi3c4"
290764,"yqpfHeXqbQ8"
127533,"SZCAIAvQeAM"
23023,"JqnjK79fGSw"
116745,"Ugw9QoTJMAk"
805327,"Lu-kErQ6SBI"
691683,"Wq8Nsc5r2So"
218836,"a88kwNBIsR0"
20533,"3Ppqbnhp7PI"
180894,"Dxmal-7WmyA"
58857,"Xpm007vne54"
94329,"m6Q7KnXpNOg"
77951,"f4K8ZtJaQ-4"
407375,"Y1IdgK-YtGQ"
372343,"c44kam_8N3I"
45612,"t5roJgHV_lA"
768334,"PHqyFhrb3uU"
488623,"254449964"
599975,"S6O4iy3Twwo"
645856,"LV4f9ELo9gg"
802372,"mXeS6ELErIs"
282069,"dcVuEbnq-8Y"
467938,"iBenHYBTixE"
121856,"vzWVVla8WWA"
277216,"-F5WcFPDzko"
62214,"XBfcGLBJ2Uc"
243683,"VhiJhmKTO7A"
540901,"_e67tHHEk5w"
532639,"yFOztBQTO8M"
900667,"RCB5XJevS9U"
150540,"k1oXx4delIY"
10138,"BoohRoVA9WQ"
106646,"g07Xxr20L9s"
744275,"NYdNN6C9hfI"
296524,"S-UPJyEHmM0"
339692,"8wAtS2RMkdA"
242828,"ksNEwaQN53g"
460846,"zbOqeh8VYCI"
524216,"EPTsJZ824i4"
473033,"akKdBkmugEI"
728526,"SB44bZVe-c4"
513514,"Je3RTDatMIY"
401981,"AykpBMS4Kqk"
62213,"P0mIy242Q7s"
119283,"2rIlk-Jk3lw"
607383,"353001189"
51828,"tDi16eiB9gI"
175168,"5pFFXJ_qcRA"
631132,"Jla7V5uEuF8"
744114,"zoe2KLJmzX8"
49520,"2fSc3jhQZGw"
17578,"7NWtW699XME"
517116,"G8wJopQ59qg"
174772,"cbw9hlBnG74"
785538,"vupNkHJGBQ8"
82633,"HK-Q3wYsOgA"
590223,"DdIHtymX_Fc"
559969,"rklOejPnD3Y"
591120,"eSG7Tjx6X9k"
76285,"F7tVLCW6eY0"
512895,"P4NtWb4WX20"
249660,"bMjo5f9eiX8"
274870,"LRqsCB-K784"
364111,"MigQL0tbGnU"
136400,"qnWIR2jFklo"
412656,"x-GTZvkRmf4"
431693,"9eY2W7uUkDE"
593910,"pJf_RgXqLr0"
274167,"arhMMJx7tCU"
107846,"BrV-SXI6Nmo"
218043,"c1w_qrsAYsw"
82693,"EI_3ywJLQio"
64688,"Oj55KinxZx4"
438650,"0phuNQQ_gHI"
1061671,"3SBJB8r8fVQ"
895744,"FhqoyRzoNvM"
74998,"bTAVMVJTrv0"
46528,"Kq64CHaV8yA"
444090,"zUbal5GO84Q"
816977,"HtQk6sANmKs"
551804,"RVi3FMW3zuo"
265195,"h0FHkCGuXA8"
453405,"AdLHtq-M6oE"
338952,"G8uRgZQ6zio"
231001,"jsMPc4C5rYQ"
321258,"jfhHg3eeqS0"
332210,"VOR-w8ljvjo"
45772,"tgO03BFtvSc"
43949,"aXeJ8NM7c9g"
437557,"6OPIZTJv5OQ"
789708,"4MnjzxvsBNM"
413594,"VKyz5SVH1Ug"
49040,"Bt7CcuSY-Eg"
539517,"Tgujmtdj_3c"
417261,"5iEOQn8UUHI"
522931,"Qcyywmf_g6g"
72784,"6IZJAra4gLc"
136835,"ro7Oyop7Jak"
243688,"HD2sz9RVzfM"
123025,"J0H7Du2txOE"
282035,"psTy_daexnA"
197796,"grLYbcAOW4E"
318256,"o2dQojRHX9Q"
412520,"PlfX9Fqq_Ss"
644092,"rbQDLOSmv1o"
777245,"3R4SiiE_QK8"
133805,"mRlTfHed4jk"
43209,"ELXzjJ1RiWA"
419743,"VSCAN61IgQY"
41233,"Bv0WzfyFF28"
995133,"yHC8s6ruVSM"
345911,"H_nTMprod00"
97020,"rxVUT9N_LtQ"
898308,"U_0VhBfRiAI"
566451,"yImJ50uby-8"
252838,"73ME8Zhw5QQ"
476292,"AEWvRqZQ0RU"
37786,"Djz0q-GeboM"
331482,"32T5QHgfi30"
395990,"stUC1FWaW_Q"
332562,"dvb3ywW3Xmc"
606523,"y9XGC6iwgwM"
821881,"ObN4krVV20Y"
602269,"aPDh6vip6yw"
180299,"sZvkV-0jruA"
47931,"_gnJB10WTpE"
38321,"nJwbuosTMt4"
216282,"eierBlblwec"
464889,"ZKBlKsx4N38"
814800,"iDBJ5u1R6Wo"
23437,"eKnUKznSGYQ"
787752,"tj3KcSP6gDs"
385103,"aILrgOW7sNc"
503314,"wuIbeQv3v7c"
736069,"MwqwfGYlxrs"
962192,"rpMZOZTqcQw"
346808,"-c-ICjI1EQA"
484510,"TKVQmqF1Z7s"
537061,"JNAZS80liqk"
335796,"xGe-06MxlhQ"
290512,"jHNVKOE2-DE"
270303,"zoNa1WH3GR8"
736074,"t_LDVS1In_k"
77877,"t2LI5OOifsQ"
146216,"56vPzBENK9Y"
34813,"OmFTjvdrfyY"
550231,"76PmxBH-oBo"
746333,"i0YxNp-Moc4"
403064,"sRuBm7ViAL4"
628964,"ZsTS1tsD2NM"
703745,"7pT7Hhpoemc"
375588,"9dxFgG2YNPw"
797394,"OESJJ2vZn9M"
623491,"8WzUYkzRgBE"
615678,"qnx6-YLXFwg"
192141,"DOjj07EuO50"
890541,"yEwbQ1Nxho4"
419680,"hTKMUn87SxA"
470878,"KIkOAgxkAc8"
833097,"bsNIJd45jYM"
316029,"XLFEvHWD_NE"
607259,"MgZo1AxGtIs"
454619,"4TPJyx2Xljg"
89636,"z0wdp8h7TiI"
524251,"k72fdSYHHvQ"
44214,"YCg0TXqvz0Q"
737568,"1iSUVwPam1I"
887767,"PqqYBoz2Y4c"
379149,"r_rSAbYyIq0"
115290,"0pMqAbdvrfo"
241251,"WjLWbzPY2sg"
479718,"MvPaDziB-ac"
27022,"D_oj73cL9H4"
149870,"jPMI19_FI6I"
390043,"1vGQB_ebQ9o"
595586,"JdS-KEAi3PM"
61012,"f06VJSsh8II"
591275,"dj3CXY8rKuY"
23631,"7fGKttdOWQE"
504827,"8RfLEmWq8Xw"
333596,"BRQaEJv9qIk"
597891,"MysGjRS9jFU"
429351,"XUDmmuxaS8A"
80280,"UYc8fPAIoMg"
522927,"Oun6C4O2wh0"
308266,"KWs5qnZnhfo"
573531,"aicPLFajPiU"
329440,"6hW8hUcXR-A"
428078,"Shq9J3My9zw"
447200,"sFuKZd92Ml8"
800497,"RbMz2pxAxkI"
416194,"094n7ami6N0"
874948,"LM2sdqqk5Uo"
793723,"wAJcykyq7DU"
520946,"u4Tf7bLOErI"
799546,"B_XUlbPW-eY"
716703,"WEeBSr_WcKo"
614917,"7CX7jmZvytA"
424783,"icYK8EEXbp4"
501929,"41u9eJHa5Gw"
7978,"8g3SRj5qpjA"
791155,"8THIILeZJ8U"
613504,"2SvwX3ux_-8"
746524,"G-SjaJECq-M"
948276,"_Vw3Nur4YDo"
860623,"Cs5AVa6-M6A"
348893,"Lo-OXY1iXVU"
10192,"Ma9oseKpj9g"
429473,"Kxz8Gh4vyoM"
12444,"CBjMbbFSZMI"
512195,"Pj0wz7zu3Ms"
38234,"qq-yqajCo6k"
762504,"kSnRuPsw8TY"
818648,"taHQep_16BQ"
330457,"FRe2toPFn9Q"
726684,"TF63WzwuBcM"
899579,"OtYQB4r8Jew"
897192,"Yxq2KXMtEyY"
454626,"RJ0V-5uj77E"
82690,"IFIbQSjTopM"
372058,"SlNVu5pnZuc"
138843,"Zk5f0x2I1_I"
668461,"RAJSFAIgrhs"
624860,"1dMip_riAbI"
39254,"obYuPJH2oTE"
81796,"BQ4hZqrIM9w"
277834,"xBnMBU1DhFU"
137116,"OsAXqxGsy4g"
443791,"Gex3rnQqh14"
457232,"q_o2eL0s7Fs"
514207,"gIRO1Bwz9f8"
77174,"sKUtlgxlXTo"
484641,"oZSMV-NDH4w"
77950,"VlRtm8Gh9PQ"
59859,"2ZJ9AqVRTRo"
271969,"gmi8gZxiYIU"
136418,"8c77ONP5QnM"
809314,"2thMIHG2bIM"
749618,"a0y94pfWkMM"
256040,"3NQRhE772b0"
326359,"bQRLVxZHKPs"
809107,"EGsoC0bWakU"
300669,"76yBTNDB6vU"
119698,"EDiVFbqtF6w"
68724,"oIBtePb-dGY"
522241,"TEPBw5K2m4E"
804435,"fUElfp3DJ5Y"
532870,"QqC_2J395_8"
58574,"9FozQnaEZl8"
169917,"533000059"
637920,"bDAkHkR6fwA"
179826,"ZEnvutQ0UI4"
27576,"LbkQTB-OJsk"
776503,"JX4tMSq95iE"
656663,"p74bzf-beGc"
845222,"YTqz2QYsSeY"
629028,"o-Q480iFQ2s"
523931,"MPr3BleeXC0"
522681,"6dSKUoV0SNI"
78049,"rld-6rRDb-k"
76493,"cYplvwBvGA4"
736073,"YPyUOtpAevY"
897424,"5f3200JDpoI"
73861,"INZwJDp55o8"
604605,"8S8nHyxlgpE"
287948,"w7RzoVChf_k"
324849,"ewbaQTEakUo"
858408,"q4rdxpc3wk0"
156717,"FFMUtD_FZZM"
793937,"yfR6MmCET3Q"
912598,"RVuSm3yAWmw"
138697,"2A63Ly0Pvpk"
565028,"K7s55UMQles"
52451,"tNMeRJMKpdw"
812456,"qMV8TDBhSdc"
571265,"GzhW1a1i9aI"
347969,"qUp7Qgimn38"
298250,"o3VOZUiehpA"
857702,"a4Xyiun4LXs"
428288,"JWXnyjYrhhY"
228967,"G0OpuZtpFyc"
158011,"LHrZxG9W3RI"
274857,"McF4zAFQWa8"
265208,"zC7gAb8veZo"
77338,"0RqDiYnFxTk"
119450,"t5ZGnsLVALk"
829280,"A-xhfNdimXo"
335795,"AFUUBfn0GdE"
293660,"9vN6DHB6bJc"
760104,"wFEnZk10Vh4"
901563,"ao1BVcLGCvo"
879538,"uuuyucG4pkI"
25195,"DVN17lxkwDg"
864959,"Y-eYqE_X9N8"
300668,"lHG6I6Ec4yA"
217993,"RGyrxamYhUA"
739986,"UPYD9dw6jmA"
649918,"vk4OaBtc0v4"
60747,"K_1KQ4GT0wg"
374720,"mRx96o6bN-U"
774301,"K14rwyu9HWU"
669671,"ZNu-G-rd4H4"
652837,"hLEjE77PbcA"
51859,"jWBEG0VHCZ8"
242512,"xBLmBdn2QF8"
68728,"DylgNj4YQVc"
111969,"ORKb_Vqbz9U"
193756,"0cPJ1ifjBDs"
840882,"820j10lEAec"
42194,"TIJ-oV5ivTQ"
96721,"tdC8X9HBupE"
809140,"wT3MoXi8I2E"
800937,"-oF5INRPRgY"
458897,"voYLots_ZOg"
720026,"e4f9hOyV23k"
262504,"OBdXW2Fhzvs"
514847,"x8eakp89MEU"
406990,"KPpeWdujrAk"
664413,"J79D3hny-e8"
27581,"D6WOoUG1eNo"
623135,"gS9Pogr35K4"
347626,"XqTPaRz8Nx8"
187017,"8VXj3Q0e608"
35019,"0yzDwZMVcV0"
200727,"dOMTh9Jd81w"
573699,"oW_7L32CMQw"
645788,"fSqa0a3mGk8"
597890,"UPW8z7rUEEs"
831827,"s01ZvmCrotA"
567604,"PCf03KXyzIg"
121734,"AeegNmbFR3w"
185341,"XdjrvwYO9nc"
594718,"Qh-oOnZ2Di0"
34016,"oWJJGXvL7PM"
72559,"2vAo4rJPqQ4"
760883,"U8M_1eyrBtQ"
976720,"ACMmx42zNVI"
597433,"EPT_PNucTWE"
256835,"GrhqR9qYXr8"
50544,"MxfaGMuiniI"
51739,"VlMe7PavaRQ"
457915,"g_TL8Tc_rFM"
257088,"ncvFAm4kYCo"
581389,"jXGxuUHmVQc"
419479,"CQTEUd-5JMQ"
685274,"HZj6PTVtdAs"
796849,"0ScXgq3k4lY"
763788,"rFq52e7wYws"
530915,"qJ7qV54QIC8"
72710,"SRKjf8b4f2E"
881487,"0GyA_0VgeTs"
698948,"KOhxPUrE0qs"
511987,"H6MLJG0RdDE"
579496,"ITTXXxmX0B0"
49524,"D6jQ7n8HKjo"
176983,"1gGt1Mg_zSo"
55846,"1q-F7ZzjiJE"
474392,"XjA8P-dP_nA"
189,"XVjDcUCui0w"
807862,"PL4rDADWkUI"
290595,"V9cPxenX1-0"
274854,"e-6fZ7wiPQk"
254470,"Qk9tnC-_y70"
82507,"ooYG4gXlSN0"
171424,"QrPuLzFOKgU"
871964,"R_wIaGkiUBI"
553604,"b36xGiEao64"
116711,"_KqNCnd8AN4"
476299,"Q8KqeolPt2w"
255718,"jv8FtZLDKuY"
157433,"XakmsXltPkA"
54138,"gcSsn5f-w48"
49013,"LAmOI2MSW20"
842675,"23XQsJMYG84"
755812,"K41a_JkCM1U"
545611,"ebjjjpNkY4E"
550988,"Wzv4JknkC4E"
436969,"ss3k329_tzY"
588228,"87OMz87MYvw"
649609,"CRudtvaPvkM"
258230,"1E-bYpOT1po"
57201,"CAUjV2hGuW4"
644495,"rKOP6Jbxldo"
84892,"QE7CGX1d6LU"
756403,"ZN6TgXnNVGQ"
278924,"QF903RaKLvs"
41630,"X7bRikS7C3o"
467012,"C2_D0-GNdYI"
47964,"Nrd8MdjHTzk"
293863,"aJYPYYOndBM"
34544,"exyzEFrmLuM"
516486,"zN2iULAs8Os"
58233,"wCsSzZU-sQ4"
37686,"t-0XuYxh67w"
406997,"Cp95gWHVejo"
258509,"Sc5ZuVd-K0o"
615904,"ocxPBbz2FkI"
347126,"Fq6lG4GeEMI"
283566,"GZfuWMDEJpw"
466272,"nrExo_KJROc"
151960,"YRjztG65XgI"
632856,"OMkJIR9pX1w"
348350,"Z3EKgqjMw4g"
77931,"5s8M4iySWwg"
424139,"ygU1ZHTjHJs"
592508,"u5r77-OQwa8"
859860,"QBDVS3HzToc"
76617,"CKinPoYvcrQ"
42684,"mnoW5-DmIUM"
763025,"SZ8X3uF1FQM"
48650,"27gpqR5ADUs"
123553,"dtPvr5DYmdA"
196867,"nasLuiP-1E0"
267935,"y1fZg0hhBX8"
740925,"sY2TLiK27g4"
302666,"UqdESixDyEM"
1054513,"g33zQr0LUHk"
662546,"KYWzEqX-J-4"
294272,"2uU3VrXL8x4"
76489,"hmQ0VxvwwOA"
535845,"k9-PqY5pEeo"
204922,"Sx_BayaYx_0"
76589,"uBrvW9FbfDw"
47327,"jouaan70m4c"
664767,"P87QXvvav7Y"
646380,"NEhCQ4G23aw"
615658,"2fuowcxdrYc"
743439,"169jD2LiH1A"
330459,"FdoKlFAIxdY"
211672,"PWef6jJHFIM"
55301,"-dOc_fqmcZo"
942922,"a4DtOHIsXP4"
965143,"hpceNxQASKw"
653349,"zZxH3Km6JCQ"
258489,"dLmKio67pVQ"
681887,"9HTWDnKs6hA"
979163,"UgQbPITUGD0"
138832,"1nwsLTDcpu0"
411088,"epCg2RbyF80"
43074,"ISFi4Sag7j8"
810171,"1iyz4d8WoqQ"
59429,"srhgF9_oeK8"
664236,"7lAX3VcOE5A"
1018648,"sMmI8l59ljg"
623511,"kzpySawdaYQ"
188927,"QSYLhl57pqM"
541134,"pPQ7WW1jg30"
448119,"NtAbrYcOKyM"
43641,"AdaIrSoIuhs"
267860,"oQhX4JxGHtw"
323272,"mIl-XY9t_Lw"
64682,"7B9ueL46rbU"
20662,"aMcDeNo6KUs"
338762,"0R-qIOGyEcw"
110415,"rQxR5A8600o"
291870,"eBBCv-oSmI4"
567748,"NaB_ERMAZu4"
811631,"GOUyvEYzwkw"
256274,"lVGDpcNmZxs"
315837,"5XnptKCeaJE"
745376,"MX6wAGuIMCg"
259072,"R2jV-JSU8Yo"
556694,"xmaX2t2nwzQ"
1073337,"HNlEdUmROyM"
643586,"0v27rfaoB2Y"
167032,"YEBU6m7toSg"
37645,"P0SzfMNmqxQ"
313369,"D3sotAxZSG8"
76726,"AQ9XG-j4kvU"
22538,"egkIeDQiUrc"
816952,"_U591cJJXcs"
37430,"aRVD3nURewE"
49849,"0JlTboo4cPM"
120475,"jCdNuT0u8ww"
449562,"HQXH53lD320"
698201,"UY_diXXl4UM"
395992,"Heiy3mP9IIM"
399360,"uIxnTi4GmCo"
313297,"Pz49Ml_rB34"
256591,"6vY9UPiI4eQ"
82700,"MKIXQdv4G7o"
1043565,"sQlb5XL63r0"
844417,"Btt7hpwR6fc"
524369,"d9Em4ckh878"
800939,"vyAUBmpaDyc"
37724,"Mej6c_59bho"
581644,"X2CQ4EXkdSA"
508439,"di1DPydyqdk"
41439,"WXgdG7zl31k"
76163,"ip_CYHdyUBs"
68737,"5i90Qr0Qi6w"
440471,"6Q7vVt-MeXk"
825997,"edpc-JywJgc"
105965,"W30UzRuBDIQ"
515001,"oOnj4i9FKjI"
259694,"akwGjUeU6YA"
227348,"hATEtIDYSGA"
758330,"9E4J1FtfFWc"
637202,"nTuuY54Z0jI"
206647,"O-Y8-1esSLI"
284427,"5vnjheCqRIs"
378236,"r7XmpzKa7jQ"
86834,"GDhCyUppdM0"
58595,"JTE66jtMyEo"
354857,"k6JF3MkAY6w"
641501,"CI6MV7ZTCbg"
291805,"fkhNUDh1PP4"
340102,"oZm1YjUJ3_E"
74513,"Ke3ZSQe8SiM"
522162,"l9laReRAYFk"
662237,"hZORUEZd_pg"
137106,"po0dmHhgsxU"
774021,"dUUtdDnxRuY"
72571,"rKpOHyzMlqg"
200085,"1BvKZMg2LjU"
888195,"9Y59imeaYCo"
730840,"6H4Y21Hg2L8"
227719,"8Yih-CxTWsw"
763148,"rWdMJOTRYa0"
431580,"Ap0NRJD-2ts"
637534,"WJg1c3TyikY"
745881,"4g-Vy3zPd1w"
43549,"JlUkzfITiSs"
257346,"s5mpaToJ6V8"
676845,"BmypYO-x69w"
718867,"BlNyQk2W83k"
586047,"GbU7onyLWJ4"
136795,"oT9YiqFRLQc"
837881,"aNt8MBqqe8g"
302699,"9ALVevHUpPo"
193893,"Mx03VkB-TPE"
852448,"bwHGegiFykU"
86130,"C1YY20gp8L4"
727745,"5fKn0Dhj64w"
658009,"JZpOZ2j1cnA"
842934,"pZUYMaGmOd8"
46529,"XR2QSlHpKg4"
996518,"cRu4yK8Zczs"
574060,"YLMT5uXjFLY"
530254,"eYJuGhT5nYs"
864116,"kPSCoh_vJbM"
1015606,"4WaC8k3WVl8"
544401,"wzhEecjKYNI"
23629,"6dzikBZTUy8"
290098,"whldChqCsYk"
72013,"sIlDL2AsPSg"
100402,"7SlILk2WMTI"
333484,"q-RBA0xoaWU"
621870,"Zq2OLayDn9k"
239523,"DbylrrZ6C_k"
681019,"tzNyYx-3udQ"
560050,"XRgj-7eMYt4"
308531,"KHzH2PQhM6o"
585216,"kVv66WaHrpk"
117251,"222875360"
122906,"7OIFdWk83no"
74997,"_Fd012VQ3TQ"
576845,"jiLMPRnmK3Y"
677638,"0ZNsLy2IwcY"
895001,"wNIY6wfkQxM"
806929,"ostKejp0bO8"
44918,"YycL5EQA2vo"
206487,"xxG-YfedrfU"
41513,"KLkBsu67wuk"
714888,"CV9Bn0ETbnM"
454640,"iUWiSmZpDFM"
739990,"aQO16k5Vdow"
273481,"ymx2jrknr3I"
382190,"uBJ7yENNbTE"
821489,"Tujm36ViBSw"
949423,"Anug-FcTOc4"
751237,"Vi5Od4-DrvU"
205584,"tuVg_6UaQsU"
595743,"JAScNCtcu5Y"
725273,"an_rs7Zx7Qs"
775996,"u8ZsUivELbs"
75174,"0ex3kvVa-48"
890980,"xzd7e4PHXEk"
532067,"5h4rQY9bpgE"
953300,"mqsikkkyy_s"
634429,"s8-cVBJMM3s"
166424,"AAgnQdiZFsQ"
381283,"ovlXbhogrTc"
628704,"kmnGhMGuquc"
678287,"F4v3vodCIkQ"
664469,"S51oKa574JA"
567609,"7AUCqmvwNR4"
696157,"4E3j_Rnrb6w"
405774,"IBLK5FAAp1Q"
440472,"HyZfRPZZu5Y"
153518,"bcOkwv8LJqA"
339964,"BASgoRz72R0"
818750,"XpRmKWeLpjc"
87827,"j9Hjrs6WQ8M"
153158,"aymhLsyy3TY"
359983,"COG1D2f5ilY"
177677,"F-qBD17wwrQ"
590706,"fwkpeUMROXw"
51620,"660do4WasVk"
391757,"B6y1a9IBN2Y"
109451,"pj38raMENrU"
64635,"4SerZm7DheA"
264660,"CQjOBuLQ1z8"
37834,"VDoNfrBlY3o"
842033,"pn2eT4tvA1A"
198375,"FMabhvDoolc"
999722,"-EG8hNcRNwU"
342473,"h-huA2o6OOY"
618344,"tnCkn5xD2jg"
424694,"eRpp0JZY8pk"
350499,"mi-fahz-YY4"
48138,"lQj-Xzr29VM"
762433,"RHje2IaqZGg"
205596,"j2jRs4EAvWM"
814757,"XhegqnslNrs"
301502,"MOC3nzABzpc"
939979,"zjv83li96BE"
602063,"n1iL-DveFUA"
68718,"r_r4oSwqwAg"
890322,"l4nYFakFMDo"
509967,"V6aS8y7mYYE"
72213,"i9VT_NBIVfs"
916821,"RN01Qcw_85E"
774741,"VKhCPUa-glo"
618162,"Poc55U2RPMw"
560144,"rVgr8zz8OaI"
181533,"aXEtR6Hn_nA"
223702,"GAJrBPUVDJM"
476968,"LyOqQZUDdO4"
523936,"0nMJabVFEIw"
265712,"K4SMJcSyxYk"
351694,"v33o9deALkA"
294793,"IESzxdK2cdE"
400136,"Uw2Styd2RAU"
508642,"NWKl_9B09O0"
615677,"omn2PJEuOTw"
222935,"9ItBvH5J6ss"
869399,"ldSbEpwQIdE"
610892,"CcJvT_aiKMA"
409502,"RJJ2xphZjjA"
682507,"7qgQ_caLKrk"
385448,"e4LfNLtVQqE"
860159,"OMd8v6Ti0l8"
803279,"KwMk02lRvWA"
579741,"EMPnetBr9OM"
568091,"sCimThZW-Ew"
71469,"IgXzLMQuQ6Y"
1081313,"NWxsLzQs_fQ"
594328,"27nJxcXxyfs"
402900,"y5Tveqnmk_4"
134374,"SEQ8jyvmYtw"
152601,"ne6p6MfLBxc"
183011,"1xSx7u61X_8"
70160,"cC6rtOXgn8M"
762968,"rK-JQU_bShc"
43593,"Sm6c7tpwjx4"
310131,"ZD8XT9_egAA"
22970,"7NiAWF7VIFY"
763164,"Pompk1znaIw"
87428,"MAT1SmITnNE"
338967,"ZlW9yhUKlkQ"
965150,"61U8XMRPVY8"
506680,"7CI9-LYwUZ0"
591274,"gNE-QLg_H6A"
471707,"0dnOJnJVjyk"
146233,"W5Qe97CHtLg"
776797,"--Hf8R5yj94"
10140,"LuGUVkO0cRM"
393345,"zlgl4G5ttfw"
158015,"-PKB2syIstM"
617502,"3BSSoD73TSk"
346672,"Jgj9Znp76PE"
173185,"AZFP0oIUit4"
55779,"24abND3yDq0"
374205,"frFHJ2KEJmQ"
242582,"7uaYhPpV7G4"
137113,"eb8wTIcGLgQ"
619297,"Tfmr8pPy_1M"
168259,"B3Ms2yFvus0"
524434,"E3d3Wfgvdx8"
736732,"dpCFc5Ccv7o"
934287,"R021h9xKh24"
296096,"gUxkKV-J1wA"
299534,"8BNA-N717A0"
675445,"LRMTr2VZcr8"
774752,"Dr3fpmRnokc"
460458,"JinQkdowf8k"
423204,"KpeMIuGMVgw"
597316,"Pa_PRDVpjSk"
524047,"d4s9XNChIRk"
526811,"2AupMRBsF4k"
300671,"Wpsqh73gB78"
531499,"yBhUWv5Hzqc"
100042,"dmNddThxi4c"
614696,"jQ8CCg1tOqc"
675319,"a-7FSyHFl6s"
552532,"8Cvrs-BCs6o"
951470,"L23I_XopoA0"
633844,"vEKTY_0GT1E"
118412,"iHNWVSBLyug"
417320,"Kmpm9c2hqvM"
760195,"dkDDTNTXhNw"
491480,"nPkr9HmglG0"
276907,"EXXWtLGV3bw"
410113,"A-JGwOahwms"
210577,"sa_CvANF1uo"
583083,"fjVonI2oVeM"
359724,"DWu1OnpXFiQ"
826749,"LdqK7CuCYp4"
505026,"mU8W_D-3Hdg"
1022256,"Ch78ool2Qbo"
663558,"G0qiLpWdm5Q"
530385,"4t5ZmFJGuwA"
776305,"iLCjdAmsFWo"
632065,"CxKRm8OYS5Y"
315011,"3qX1ZU3jcfU"
729720,"7B_fVIMjESc"
207768,"E_McVHY-o2A"
320288,"azvR__GRQic"
509635,"NoP2mJiCzWQ"
522924,"eaxMiwjrJ3Y"
619778,"Rs_00mrn05E"
1078862,"9sAXoC-z7YM"
281957,"LoebZZ8K5N0"
87421,"b-fQtBOa7BE"
295830,"InF16sp7J0M"
529106,"I-0j-mk3AwI"
23047,"yjCg3WCzKaU"
112160,"uZq9OfchXEE"
400535,"sIMChzE_aCo"
866413,"JbzBelznMoM"
44912,"9ORtxgeyYYw"
862551,"Mmq_NVwLN_g"
59440,"I5kzcwcQA1Q"
12445,"KHBCzAFXUok"
529203,"_BJ7A7WYDBo"
830788,"-msOXDk_Rnk"
354912,"rKCUPdZHyyc"
527774,"3UFWsEY8Hdc"
878375,"C4UKU7W3PKE"
198663,"3b946aGm0zs"
919355,"yNZGkpjiQfU"
791177,"Z3f3bTBgAt4"
76757,"gQHKolIqBGs"
516329,"2aiYxwVuZ1o"
760868,"fmjKsL_-rfw"
366170,"PG3sUoY61es"
850818,"npeZdlb-L4o"
592695,"ZwEjon3mIVw"
340382,"Ux4sQG1Lvco"
846214,"K_PcaDs-tEc"
466282,"555oiY9RWM4"
316727,"Twk6RYIOeH8"
617708,"SVf8in0dj9s"
241259,"fomWLkyO_SY"
339403,"HlsvFTNrKK8"
481848,"5P8R2zAhEwg"
597208,"5Pb6nEpt_t8"
399402,"dCCbyl6j6Sg"
633802,"kR0RVnMbnOM"
809717,"HNnx3nslNes"
504253,"MONVPR1dnRQ"
1024535,"x_M8KJXQBPc"
455839,"yFlTXPs1DYA"
706972,"xFye5F5DdMY"
117263,"ar-IaAx7s8k"
581387,"jTiHbwUWkns"
739413,"JRl214mDZ-g"
52520,"tUcrbUCWKQc"
228165,"TGjbpO1toTc"
419430,"mPZVCt5DHmI"
854239,"CnFxwMU0xbw"
133121,"oOmbBrYGLBY"
81188,"aPLiBxhoug0"
527641,"24YrEAGF32M"
929170,"AnMRcyc-uOA"
454286,"wIKExeMVksk"
353081,"lQZqrKt9UbM"
241554,"plrh783KCqg"
41154,"Y2r9AIfYcV8"
249164,"wH6PNeTy6Nc"
831405,"_CxGFloKJtI"
296099,"kleG7XCqOb4"
109689,"6YCc-ywRQK8"
843633,"5zEPU7Ekz00"
698508,"SagMK3jkzlI"
587092,"G_I23TmiHMc"
885110,"RW87asYGq7g"
804095,"45tpBq_xHYU"
159824,"6nhuOuTjqvk"
23483,"rFpWpkxsVI8"
654974,"FOXW8ur2jr4"
602734,"cNpgWQb8l1Y"
58428,"UbY4rFaaeCg"
357096,"rKfwJtXXMkM"
71676,"ibZPd9MX0zg"
278927,"TKRr_f85shA"
933419,"LKx_aekP3AE"
626735,"ymzLYEFU6wo"
287947,"EP2Tfb3oNWY"
637649,"W4OTAOhPOLk"
799379,"GQFBQavlYG0"
629542,"J8H6NgC_xpM"
260514,"ZuaseSovWDY"
964980,"YUesMr2ZEsc"
615777,"fAnsyUqN26U"
801965,"alhnWUbiUMM"
337167,"Aj6I54yrsF0"
460465,"lyP9xZatMYQ"
1040603,"11DiQzSLfmo"
423108,"z3PB6WAsaJo"
579974,"FYt_srWx_V8"
560057,"A1NsOwdgQKY"
985103,"5m8anRE3D0g"
305470,"oFkulzWMotY"
337339,"iVdIiOKBPkg"
177572,"8IdMPpKMdcc"
526896,"tJyl8PWnpUo"
762975,"Ou9RpFTQmxE"
606856,"HMfyueM-ZBQ"
573164,"xx14S5gB5BA"
297761,"m0Xb9BhfVjY"
75656,"DaavRAV8a0A"
159211,"_17ZEyoUMuI"
848278,"H9gpZqn-TtU"
773975,"202KkD12AuI"
777831,"UG1hzxrCntI"
728366,"LfDUXeQKJ0Y"
667216,"W5mfHz-5dx8"
697799,"c-N_6zCwJOU"
324852,"aIMIM24g3wE"
617653,"rPapNDpFoeY"
184315,"HydiAICZq6I"
353486,"iKduvC0uNs8"
257445,"mmd8JtNbark"
785985,"iReeddMo_ao"
928999,"AAwn9GqBiSY"
55341,"DdtWIdsm9kI"
47933,"OTqWMVxBQTA"
613093,"AK8u-RYA5T4"
833593,"Re-xbrnoLRY"
263472,"ncB8dMAbVw0"
585245,"o9ri5DYLvkU"
639933,"41owAY64UR0"
216015,"hGvD1CubwNY"
829557,"pyM3z73oMAk"
542196,"Ld9joQp2aeU"
868759,"wVFPD2oPgRs"
508943,"ooo-X7I9G1o"
381284,"W1VZ1-ZdQ7k"
726759,"-T5MSOutnvk"
862965,"ON6IwdTqQkI"
44833,"Bihvjx0thDo"
9543,"MWLA67jtHHQ"
236751,"llZK6TzrqnU"
850028,"5NbfChOf1TM"
1005031,"CNFm_DzHDaE"
20526,"d4RiUy23e9s"
449406,"x7E-ku5KzKw"
578701,"oOnX1rT_lCA"
10196,"WdoiHMCVqMQ"
23168,"oLFv3argVbk"
375366,"HjGkB_oWTe0"
228326,"rOZ_rGGgo_0"
381289,"1jLOOCADTGs"
127380,"-TY79KJiJMk"
329865,"PkYh9e-fvbA"
400155,"wf7M2xKp48w"
71672,"fulKeIZM2-s"
351819,"m5dM_MPytkU"
38055,"6CJUQr4Vs40"
60304,"ErGy23X0B9Q"
57165,"8jEWLCZA7R8"
50723,"q4C4CZT8NTM"
480530,"pNjk91ATS-Y"
818397,"sVpy5gM6HDY"
24428,"n3Pt0qQVs3I"
1024546,"9pwnB3zLAFw"
979924,"eF2HsYlmzV8"
629176,"-dFpz34rNSQ"
566525,"kpsIu6goKGg"
961484,"rDZMORTLbmM"
259316,"dMw1_akQ0h4"
53182,"bsoJaQ2gZh4"
81005,"xpkcEIsgGmU"
1001835,"-5rdRvkG-gQ"
738215,"iw_s9hRqPA4"
39513,"16Jfld1-kOI"
481084,"OKxZ7z4Nkuo"
373571,"8fWf6f2vT-Q"
756999,"WlWOOljH9S0"
312221,"rXUlxqoZLyw"
157336,"KlyknsTJk0w"
791373,"c-NotsoQyno"
810693,"2docezZl574"
779782,"W__uSFQGrco"
788752,"V563M2QxWrw"
591273,"9YZWd4S7fjI"
44896,"wIKG4s_uSRg"
249397,"ks2q1nMOP5s"
68735,"gSoDPwx8NTw"
440249,"T9fLBBxjAgM"
45610,"BTvoaaE98DE"
36865,"rcUiS0dpTkg"
228161,"Du4jTG7-93k"
831946,"4_fNeiD0Uwk"
534338,"bCE39OeR4Js"
44943,"eFDq1K4ZTls"
157350,"sutgWjz10sM"
62835,"HCxPLlFWdFo"
132232,"I7_CLVoGkgA"
87584,"hohJfm5LHJQ"
38757,"hsJFEqOL1UI"
324786,"iX193z7vE78"
337404,"sFMc2FfbJj0"
760161,"UJlMFx6fm60"
384018,"XbqAHN23PaQ"
683328,"sQQJEiESrK0"
744276,"7rVxq0WB09Q"
338953,"7oIM33zm0v8"
346910,"50_Ala5BKBo"
364689,"bqfhPAyaJpo"
238636,"5JO1GlKne9g"
823766,"htybz7XscIY"
11324,"lhX-IJS82JU"
290859,"UqxnFHoKwzE"
436931,"r12w4iRBLp4"
841755,"hRRtd7Etato"
581392,"aRuhOJJA56U"
336843,"Th0Tlj8XL1A"
198184,"Mdf8aEH1lO8"
1023086,"ER69QmWbnKU"
280092,"3HxEXnVSr1w"
449443,"CZkUlNwiEBY"
768362,"2vOxHTVJ-Gw"
1037858,"usiCmCcNos8"
877703,"ThbNU9oUdKY"
880841,"-liQVLtS1Ow"
960704,"cqj4u6eyDq8"
459151,"-rF2j6K5FoM"
916605,"8RYEflcP9K0"
335787,"LgPj-TaHZWw"
739405,"iuntihpAo8A"
718789,"rdzVZORdHsI"
406759,"1Z3MXc8KloU"
82675,"u48UrWtCn5E"
71552,"1akixU65dDY"
286217,"lcyfDRYKDJM"
442062,"f40vOUIJQMY"
883502,"MoRmSET4XdU"
717980,"r00ldaPQbjs"
522518,"A2FrrSyyKfA"
51876,"xP-ZwmCPBAs"
893297,"5EugiAQoLnQ"
297762,"ujkhtNNiI3Y"
277217,"iQLFxkGyrRk"
630240,"Re-XqplH1Tg"
407439,"w47IJjuEV8o"
839436,"kp_iCBrjeKA"
84308,"9SlxD4ZOXxc"
560052,"GlazLWCvGWk"
630004,"L41IJiageyg"
126889,"D-RyzRSkeRY"
360920,"yT8yLMTlWHM"
525660,"KWoOYiy_qBM"
250546,"xabuZwG3XyM"
765172,"jJ_Ug9af4bU"
220289,"Xmntaa54ezw"
811367,"VJUnC2j9rgo"
82881,"ukS_OOX3S3M"
65759,"ZjJnKjkwEKw"
760204,"7nWbAp-4ang"
996727,"aIPbV97Gn8Q"
774825,"0U0L4uT0btQ"
943221,"TXtAhO72KqM"
924482,"Qsg6ZjZExgs"
851644,"KFS4_qevE7M"
642885,"bFq7wdaEApM"
852046,"vRunUkdkK8s"
577922,"gxuT5yqZJh8"
412117,"tGint9jAKjc"
273477,"hKrAyaadZLg"
546554,"qOg3AoRc4nI"
298312,"YfQnRjkuvaY"
811592,"8PmV8GFrZzo"
676705,"ItCf-qhe6n8"
989937,"JMugHylLjd0"
113082,"WF3OP3f2I10"
752623,"lWcD2icgoGs"
960258,"3U09a_Gyv6w"
580489,"j5Jq6jA1jLA"
385128,"KjUs3cHdUsw"
661374,"mMO-_954sDg"
1865,"0BXCVe8Yww4"
639838,"_FSFiy_25Vc"
958196,"6-vuK4ETAc8"
928270,"t-yhbvVpPgI"
638507,"CehPixdKUuE"
34851,"1Er_EeF2Ozc"
854467,"kEeirDvFXLw"
262500,"jfaqVegF2mo"
64690,"0HfItugjLsg"
1771,"W4DlMggBPvc"
480414,"uOV-xMYQ7sk"
896448,"Yqsrmv6Ubto"
294254,"SDofO3P2HpE"
805411,"Kr8JPcAjqWc"
522016,"ysxTwoGMuNU"
485811,"OqYyEJpa7xg"
56292,"7wkih9Yvxq0"
876716,"KJZS7oXX5SE"
619979,"WUhL9G9hAf8"
870096,"eAOEHkyhIKw"
522478,"4zBcF7bI9fw"
575088,"oy62FFqLlno"
125509,"5yi0aIRi3eg"
890656,"vC_n_L1KGbo"
672582,"wYh-iMHgcNA"
43947,"80112802"
181808,"DAi3GgwhDR0"
76492,"M2s-6_NGaOE"
758724,"pD9o8H9r9QQ"
741074,"JR7OrwlrsP0"
80321,"FsyBwLYDidA"
705861,"83C3TqFl59w"
767304,"TWjsU76dEIE"
916740,"WJPSSL2lSjU"
127585,"7tByfJVtcDg"
1010820,"sVqg6I11r7M"
138103,"MO-vY3I7M74"
928381,"L8tCoWmooRE"
817758,"KcoThqQhZtY"
44683,"5ztzhchMcsY"
642121,"IvvdQpUNyyo"
72105,"n95L7k07e2s"
339846,"zrE2YATgjpA"
533514,"BUfSen2rYQs"
49529,"WR6HUkzxjR0"
932430,"Y2kSDSxO_As"
999205,"G3hnzGEu9Yo"
588921,"fMbV1BDlmqQ"
50546,"fpj7i2CPt8M"
139038,"e7UXwAyLKXo"
73723,"gV6Y3OwR2n0"
339984,"rfatdnwzsE0"
450465,"_V0k4r6oYZM"
506574,"EC3ceLrsTVw"
778855,"xy7nx8fKk7M"
766907,"7BiPtKkrUUc"
689700,"AKMpdq04Q84"
527776,"w7DWf7ObFNI"
338958,"2mgRqHOuA9g"
245891,"G1ahaiEni3E"
718930,"C4Wgaw8WzaY"
610150,"wHAaKXtfSOg"
1071806,"h61PbLOmyY0"
848058,"__Bca3NXOZE"
792775,"0teUSXdTHKw"
539681,"tFHMkB6dZxI"
751741,"tyxOYiIU5dQ"
147441,"6k8qeqZycgE"
378064,"RI3ABGupjNs"
799876,"ytn_zZRr-hQ"
592350,"ezHmHHt0B78"
232672,"Ub48QUqH6fU"
447404,"S_uE8kX0CkY"
49530,"xhYUaR5QiUs"
597922,"M8i8r7ag8A8"
619803,"PDEl1rw_Vn0"
522938,"CLURk6B8isY"
299537,"eh_qPcQoFK0"
18823,"TfyunOnMGqM"
760926,"1HqBaI-FV7Y"
830896,"y7pRyjSIxHA"
545609,"xso-ELEIlss"
894205,"X897nj9uZq0"
27578,"gNd2Hd8uS5g"
72331,"44a8ATh4ZMc"
503736,"tI1JGPhYBS8"
396422,"PoKCXC2avAc"
240832,"l7zAV_MDC68"
343668,"raP5ssKOg-w"
136799,"xyjm5VQ11TQ"
38700,"-P-C6I-jZwQ"
814338,"jHjCp_RvyeA"
894169,"5geYfqTqTcE"
307081,"Mh2ebPxhoLs"
869112,"XzBWuPOK6x0"
284054,"4zVKkch7hiI"
442249,"UL29y0ah92w"
140607,"WZ9_tUlZQg0"
172385,"QrA31erK_uM"
297802,"8b7O2IEdlac"
72545,"DnYbUu2OrKs"
50619,"PQNLfo-SOR4"
512200,"F6QaLsw8EWY"
209112,"35jogvD4tcQ"
829560,"iXdw5wYI4cY"
717728,"dDU9yeqXtUw"
869626,"jUV5iWAqyCA"
782936,"ah63s3fKung"
1068141,"80wTiCy6B5c"
1027159,"kIqZBlVAXfA"
955991,"oMc-iybcRdc"
760741,"yitWTsQKi0Y"
785398,"hYQLhDpEXQ8"
740952,"M-sjJmIGClc"
770254,"FzWyKSsdTCw"
619730,"CrbCC0QHPm8"
268896,"EjboIn5mKSM"
49519,"E80GplS1OG8"
38575,"XY8amUImEu0"
101299,"7MpfnxMb9zY"
158852,"lNzukD8pS_s"
993145,"2IOwRMsS7EA"
311324,"avF6GHyyk5c"
343611,"DTBcGQWmQ1c"
46195,"P1GRO31ve5Q"
278154,"eJaYnvydNyM"
864873,"eHsWYmnXk1o"
1010823,"CpdckzM0EP4"
877957,"74GfRe3ZE6M"
493922,"ePqN5_09uIw"
41446,"7bYWdpz0g1A"
246655,"kT6MWr7XeJ4"
57158,"gAo95e7_XKA"
414906,"KaisICqYXeY"
937278,"jnYKECdx0Eo"
267805,"R1ZrmMFp-vU"
836225,"VdLI8I4jZD0"
438695,"ecJk4W_PGZM"
877269,"N7WbZNqSC2o"
585083,"KKL6aGwybHg"
830784,"Sbal-Z9x1RU"
575322,"IDnECGvaLfU"
873126,"mKRYPFKQdZg"
458156,"QW4WTIYO1Bk"
653851,"anJqJL4rz64"
568124,"0Rmiq2PPQDg"
299536,"_XkUdr0EDwk"
646385,"EHehbEqBPzM"
453395,"7GQjuLqVabM"
508947,"Mf8gENsKLj8"
49046,"zvsESFM_USI"
882598,"8YDvtKRmTKY"
846433,"YWogZytm1OU"
988233,"FJsEtCV2dMM"
274855,"EuOlYPSEzSc"
785084,"PD2w1NNoNE4"
399566,"w8Pr9V2M-rE"
919570,"_-7-cOsU1l4"
766507,"br5cxQXKtuc"
724495,"OKZZbVM9SSk"
438148,"-ExA_Ojo1kY"
324552,"Wp3EE71PINI"
663712,"x5DhuDSArTI"
947938,"w4GvDKbjbSk"
585511,"OdRHb4x1TUA"
635302,"XbTSLJ62YEM"
493529,"zEcieXSHV34"
899112,"5VwDxVq13l0"
916224,"RdYs29wQZq4"
1045944,"4oGiLPQyztg"
772515,"22g-vksXD8c"
555604,"h0djxgDyqOQ"
966220,"cZIhRHSXtyU"
361743,"0d2UpBIFgYI"
736526,"G0aXYGTdg3g"
507086,"wo6Y-czXa5w"
829410,"IlS90jL1EHQ"
1058949,"z2oJulkQ9Ok"
420817,"NCO7Qk2m4hk"
630586,"0VFFFpDwfco"
761898,"Jf6RyZkuVco"
49026,"GAjBzu8ggi0"
283366,"TkTa-fk3oTk"
606402,"G71-DM4X01A"
634528,"-PNZh5TIJxw"
539885,"ozUuAcGOhPs"
57214,"l5m4bPQLPZ8"
571891,"D0zYJ1RQ-fs"
637693,"H_kfBnyx16s"
601796,"myMfVZX9Nso"
550205,"XqqvB6-0axY"
490132,"vQiPPffA6Ik"
763285,"uU79XVBKces"
190859,"5bP1f_1o-zo"
514999,"5YEVQDr2f3Q"
482373,"RTqfWfHdY-w"
293167,"dBLdPIp-BuY"
20352,"6sScC1EleQs"
625568,"d1nCIWGsLVU"
346364,"hNY5XwLJRG0"
351286,"dpCkARMSY7o"
98566,"dwXFsrp6WBs"
68721,"YLorLVa95Xo"
61791,"3rqc-cFPYKw"
848791,"umIeYcQLABg"
667739,"_gp_-5rswxQ"
602223,"E2IK6at0L2E"
32657,"rNhV8dk6W2M"
672322,"s0vN_2MRR50"
333339,"1hrwbc5qCZ4"
429617,"op1Zyb2HGvU"
4258,"rBSHBWA12EI"
50014,"5-7EzuQvQzA"
62177,"FirLInrNLno"
848123,"aATJpu37U6g"
522627,"KlXsguV9g0E"
801335,"a7VGn_0Vsx8"
458576,"sLsfasdtPps"
49051,"CXqZK-nbZ74"
91586,"fBbi4NeebAk"
667520,"aXc9DVfLTGo"
899082,"FZsywio4uY8"
87101,"DVG7lcRlT68"
1081291,"2stkk0yy0ao"
522402,"-0bYWnP3jH4"
482321,"8LaXBvqFJVo"
764835,"pDBZ3KGrQBs"
474350,"7ZVOnN1m8qg"
82702,"aUYiJE-bNbI"
345887,"zxF5W3-Y2hY"
497828,"tVq8L7Skxpg"
271110,"bPNBKT6JLSU"
703771,"MsdVLe2xi9g"
1057577,"v9bh6kXKO2U"
397243,"BNxsaFCzqxc"
852096,"VXnHeAPUu-g"
360784,"0qlxTw--4qw"
301528,"Pl9JS8-gnWQ"
75780,"kAbxn_F8lps"
464052,"vkOq6j2IxHc"
1033107,"4CjJsX90yAU"
594767,"79STS8HB9oU"
640146,"UJZx8MayWxk"
76600,"POfC3TrDO24"
677179,"qphf_-PPaaI"
638974,"jeVNn7-FQ64"
315162,"z-E5pTQVW8w"
700391,"xYl2diyeN88"
713704,"2wc5VpRc450"
603692,"vBwj0QpKbSM"
736790,"bJ4ENBghzSs"
502356,"LTFGH0rJ-EY"
849869,"6w2vM69JxpM"
804150,"Hr39beLiyCw"
758323,"R16ysWgt6oM"
816904,"60SweMbP5I0"
948713,"eqCYw_o5lng"
980078,"dcpcwARBMJ4"
505642,"Wk-MeF0ngVI"
436270,"rCOkYwLKPv8"
676710,"RLKpWyhxQtA"
646389,"SIQD0pUpC_Q"
631842,"sPzGSs5KK6w"
536554,"gHFC14dTqdo"
1073413,"80yt0AswFcY"
758009,"rPrMuGf-i_k"
1077280,"pGNv5-dyRKA"
776835,"JvNuYOR7b4w"
985939,"n19hk6HdF7k"
676547,"tFVbvH75Abw"
1087040,"WTAay-4QUuY"
675353,"KlBnLGew1Gk"
1041513,"_JzBbU4-5Aw"
668482,"v81ojopkDc4"
843794,"v_Jc1MYFv5g"
109428,"r9l2cu0jrFs"
616037,"Gf4AXNthfVg"
842942,"sSjYZXVXiaM"
634649,"EKLcsbJHht0"
1058732,"8itcioHD6ow"
